MovieId,imdbId,title,genres,Year,Avg rating,,,,,,,,,,,,,,
4054,206275,Save the Last Dance (2001),Drama|Romance,2001,2.84375,0,0,0,0,0,0,0,1,0,0,0,1,0,0
4069,209475,"Wedding Planner, The (2001)",Comedy|Romance,2001,2.909090909,0,0,0,0,1,0,0,0,0,0,0,1,0,0
4148,212985,Hannibal (2001),Horror|Thriller,2001,2.935897436,0,0,0,0,0,0,0,0,0,1,0,0,0,1
4149,239948,Saving Silverman (Evil Woman) (2001),Comedy|Romance,2001,2.772727273,0,0,0,0,1,0,0,0,0,0,0,1,0,0
4153,231775,Down to Earth (2001),Comedy|Fantasy|Romance,2001,2.416666667,0,0,0,0,1,0,0,0,1,0,0,1,0,0
4161,236493,"Mexican, The (2001)",Action|Comedy,2001,3.347826087,1,0,0,0,1,0,0,0,0,0,0,0,0,0
4167,179626,15 Minutes (2001),Thriller,2001,3,0,0,0,0,0,0,0,0,0,0,0,0,0,1
4223,215750,Enemy at the Gates (2001),Drama,2001,3.5125,0,0,0,0,0,0,0,1,0,0,0,0,0,0
4228,125022,Heartbreakers (2001),Comedy|Crime|Romance,2001,2.15,0,0,0,0,1,1,0,0,0,0,0,1,0,0
4232,227538,Spy Kids (2001),Action|Adventure|Children|Comedy,2001,2.946428571,1,1,0,1,1,0,0,0,0,0,0,0,0,0
4238,164334,Along Came a Spider (2001),Action|Crime|Mystery|Thriller,2001,3.147058824,1,0,0,0,0,1,0,0,0,0,1,0,0,1
4239,221027,Blow (2001),Crime|Drama,2001,3.81372549,0,0,0,0,0,1,0,1,0,0,0,0,0,0
4246,243155,Bridget Jones's Diary (2001),Comedy|Drama|Romance,2001,3.623076923,0,0,0,0,1,0,0,1,0,0,0,1,0,0
4247,245686,Joe Dirt (2001),Adventure|Comedy|Mystery|Romance,2001,2.380952381,0,1,0,0,1,0,0,0,0,0,1,1,0,0
4254,231402,Crocodile Dundee in Los Angeles (2001),Comedy|Drama,2001,2.192307692,0,0,0,0,1,0,0,1,0,0,0,0,0,0
4270,209163,"Mummy Returns, The (2001)",Action|Adventure|Comedy|Thriller,2001,3.088888889,1,1,0,0,1,0,0,0,0,0,0,0,0,1
4299,183790,"Knight's Tale, A (2001)",Action|Comedy|Romance,2001,3.341463415,1,0,0,0,1,0,0,0,0,0,0,1,0,0
4306,126029,Shrek (2001),Adventure|Animation|Children|Comedy|Fantasy|Romance,2001,3.867647059,0,1,1,1,1,0,0,0,1,0,0,1,0,0
4308,203009,Moulin Rouge (2001),Drama|Romance,2001,3.590909091,0,0,0,0,0,0,0,1,0,0,0,1,0,0
4310,213149,Pearl Harbor (2001),Action|Drama|Romance,2001,2.965116279,1,0,0,0,0,0,0,1,0,0,0,1,0,0
4340,255798,"Animal, The (2001)",Comedy,2001,2.136363636,0,0,0,0,1,0,0,0,0,0,0,0,0,0
4343,251075,Evolution (2001),Comedy|Sci-Fi,2001,3.037037037,0,0,0,0,1,0,0,0,0,0,0,0,1,0
4344,244244,Swordfish (2001),Action|Crime|Drama,2001,3.102941176,1,0,0,0,0,1,0,1,0,0,0,0,0,0
4366,230011,Atlantis: The Lost Empire (2001),Adventure|Animation|Children|Fantasy,2001,3.342105263,0,1,1,1,0,0,0,0,1,0,0,0,0,0
4367,146316,Lara Croft: Tomb Raider (2001),Action|Adventure,2001,2.9,1,1,0,0,0,0,0,0,0,0,0,0,0,0
4368,240462,Dr. Dolittle 2 (2001),Comedy,2001,2.363636364,0,0,0,0,1,0,0,0,0,0,0,0,0,0
4369,232500,"Fast and the Furious, The (2001)",Action|Crime|Thriller,2001,3.066666667,1,0,0,0,0,1,0,0,0,0,0,0,0,1
4370,212720,A.I. Artificial Intelligence (2001),Adventure|Drama|Sci-Fi,2001,3.339285714,0,1,0,0,0,0,0,1,0,0,0,0,1,0
4386,239395,Cats & Dogs (2001),Children|Comedy,2001,2.818181818,0,0,0,1,1,0,0,0,0,0,0,0,0,0
4388,257106,Scary Movie 2 (2001),Comedy,2001,2.653846154,0,0,0,0,1,0,0,0,0,0,0,0,0,0
4446,173840,Final Fantasy: The Spirits Within (2001),Adventure|Animation|Fantasy|Sci-Fi,2001,3.35483871,0,1,1,0,0,0,0,0,1,0,0,0,1,0
4447,250494,Legally Blonde (2001),Comedy|Romance,2001,3.15625,0,0,0,0,1,0,0,0,0,0,0,1,0,0
4448,227445,"Score, The (2001)",Action|Drama,2001,3.55,1,0,0,0,0,0,0,1,0,0,0,0,0,0
4638,163025,Jurassic Park III (2001),Action|Adventure|Sci-Fi|Thriller,2001,2.847222222,1,1,0,0,0,0,0,0,0,0,0,0,1,1
4639,265029,America's Sweethearts (2001),Comedy|Romance,2001,2.583333333,0,0,0,0,1,0,0,0,0,0,0,1,0,0
4641,162346,Ghost World (2001),Comedy|Drama,2001,3.5,0,0,0,0,1,0,0,1,0,0,0,0,0,0
4643,133152,Planet of the Apes (2001),Action|Adventure|Drama|Sci-Fi,2001,2.744897959,1,1,0,0,0,0,0,1,0,0,0,0,1,0
4700,247638,"Princess Diaries, The (2001)",Children|Comedy|Romance,2001,3.037037037,0,0,0,1,1,0,0,0,0,0,0,1,0,0
4701,266915,Rush Hour 2 (2001),Action|Comedy,2001,3.370967742,1,0,0,0,1,0,0,0,0,0,0,0,0,0
4718,252866,American Pie 2 (2001),Comedy,2001,3.066666667,0,0,0,0,1,0,0,0,0,0,0,0,0,0
4720,230600,"Others, The (2001)",Drama|Horror|Mystery|Thriller,2001,3.627272727,0,0,0,0,0,0,0,1,0,1,1,0,0,1
4728,250687,Rat Race (2001),Comedy,2001,3.055555556,0,0,0,0,1,0,0,0,0,0,0,0,0,0
4734,261392,Jay and Silent Bob Strike Back (2001),Adventure|Comedy,2001,3.161764706,0,1,0,0,1,0,0,0,0,0,0,0,0,0
4776,139654,Training Day (2001),Crime|Drama|Thriller,2001,3.794117647,0,0,0,0,0,1,0,1,0,0,0,0,0,1
4816,196229,Zoolander (2001),Comedy,2001,3.509259259,0,0,0,0,1,0,0,0,0,0,0,0,0,0
4823,240890,Serendipity (2001),Comedy|Romance,2001,3.14,0,0,0,0,1,0,0,0,0,0,0,1,0,0
4848,166924,Mulholland Drive (2001),Crime|Drama|Mystery|Thriller,2001,3.843137255,0,0,0,0,0,1,0,1,0,0,1,0,0,1
4865,120681,From Hell (2001),Crime|Horror|Mystery|Thriller,2001,3.65,0,0,0,0,0,1,0,0,0,1,1,0,0,1
4873,243017,Waking Life (2001),Animation|Drama|Fantasy,2001,3.684210526,0,0,1,0,0,0,0,1,1,0,0,0,0,0
4874,272152,K-PAX (2001),Drama|Fantasy|Mystery|Sci-Fi,2001,3.484848485,0,0,0,0,0,0,0,1,1,0,1,0,1,0
4876,245674,Thirteen Ghosts (a.k.a. Thir13en Ghosts) (2001),Horror|Thriller,2001,2.458333333,0,0,0,0,0,0,0,0,0,1,0,0,0,1
4878,246578,Donnie Darko (2001),Drama|Mystery|Sci-Fi|Thriller,2001,3.981651376,0,0,0,0,0,0,0,1,0,0,1,0,1,1
4881,243133,"Man Who Wasn't There, The (2001)",Crime|Drama,2001,3.735294118,0,0,0,0,0,1,0,1,0,0,0,0,0,0
4886,198781,"Monsters, Inc. (2001)",Adventure|Animation|Children|Comedy|Fantasy,2001,3.871212121,0,1,1,1,1,0,0,0,1,0,0,0,0,0
4887,267804,"One, The (2001)",Action|Sci-Fi|Thriller,2001,2.75,1,0,0,0,0,0,0,0,0,0,0,0,1,1
4890,256380,Shallow Hal (2001),Comedy|Fantasy|Romance,2001,3.032258065,0,0,0,0,1,0,0,0,1,0,0,1,0,0
4896,241527,Harry Potter and the Sorcerer's Stone (a.k.a. Harry Potter and the Philosopher's Stone) (2001),Adventure|Children|Fantasy,2001,3.761682243,0,1,0,1,0,0,0,0,1,0,0,0,0,0
4901,266987,Spy Game (2001),Action|Crime|Drama|Thriller,2001,3.481481481,1,0,0,0,0,1,0,1,0,0,0,0,0,1
4902,256009,"Devil's Backbone, The (Espinazo del diablo, El) (2001)",Drama|Fantasy|Horror|Thriller,2001,3.35,0,0,0,0,0,0,0,1,1,1,0,0,0,1
4903,247425,In the Bedroom (2001),Drama,2001,3,0,0,0,0,0,0,0,1,0,0,0,0,0,0
4958,159273,Behind Enemy Lines (2001),Action|Drama,2001,3.25,1,0,0,0,0,0,0,1,0,0,0,0,0,0
4963,240772,Ocean's Eleven (2001),Crime|Thriller,2001,3.844537815,0,0,0,0,0,1,0,0,0,0,0,0,0,1
4967,283509,No Man's Land (2001),Drama,2001,4.192307692,0,0,0,0,0,0,0,1,0,0,0,0,0,0
4973,211915,"Amelie (Fabuleux destin d'AmÃ©lie Poulain, Le) (2001)",Comedy|Romance,2001,4.183333333,0,0,0,0,1,0,0,0,0,0,0,1,0,0
4974,277371,Not Another Teen Movie (2001),Comedy,2001,2.571428571,0,0,0,0,1,0,0,0,0,0,0,0,0,0
4975,259711,Vanilla Sky (2001),Mystery|Romance|Sci-Fi|Thriller,2001,3.420454545,0,0,0,0,0,0,0,0,0,0,1,1,1,1
4979,265666,"Royal Tenenbaums, The (2001)",Comedy|Drama,2001,3.683823529,0,0,0,0,1,0,0,1,0,0,0,0,0,0
4992,35423,Kate & Leopold (2001),Comedy|Romance,2001,3.205882353,0,0,0,0,1,0,0,0,0,0,0,1,0,0
4993,120737,"Lord of the Rings: The Fellowship of the Ring, The (2001)",Adventure|Fantasy,2001,4.106060606,0,1,0,0,0,0,0,0,1,0,0,0,0,0
4994,268995,"Majestic, The (2001)",Comedy|Drama|Romance,2001,3.5,0,0,0,0,1,0,0,1,0,0,0,1,0,0
4995,268978,"Beautiful Mind, A (2001)",Drama|Romance,2001,4,0,0,0,0,0,0,0,1,0,0,0,1,0,0
5010,265086,Black Hawk Down (2001),Action|Drama,2001,3.81,1,0,0,0,0,0,0,1,0,0,0,0,0,0
5013,280707,Gosford Park (2001),Comedy|Drama|Mystery,2001,3.703703704,0,0,0,0,1,0,0,1,0,0,1,0,0,0
5014,277027,I Am Sam (2001),Drama,2001,3.764705882,0,0,0,0,0,0,0,1,0,0,0,0,0,0
5015,285742,Monster's Ball (2001),Drama|Romance,2001,3.305555556,0,0,0,0,0,0,0,1,0,0,0,1,0,0
5025,273923,Orange County (2002),Comedy,2002,2.633333333,0,0,0,0,1,0,0,0,0,0,0,0,0,0
5026,237534,"Brotherhood of the Wolf (Pacte des loups, Le) (2001)",Action|Mystery|Thriller,2001,3.821428571,1,0,0,0,0,0,0,0,0,0,1,0,0,1
5064,245844,The Count of Monte Cristo (2002),Action|Adventure|Drama|Thriller,2002,3.828125,1,1,0,0,0,0,0,1,0,0,0,0,0,1
5065,265349,"Mothman Prophecies, The (2002)",Drama|Fantasy|Horror|Mystery|Thriller,2002,3.076923077,0,0,0,0,0,0,0,1,1,1,1,0,0,1
5066,281358,"Walk to Remember, A (2002)",Drama|Romance,2002,3.5,0,0,0,0,0,0,0,1,0,0,0,1,0,0
5072,293416,Metropolis (2001),Animation|Sci-Fi,2001,3.961538462,0,0,1,0,0,0,0,0,0,0,0,0,1,0
5108,251160,John Q (2002),Crime|Drama|Thriller,2002,2.909090909,0,0,0,0,0,1,0,1,0,0,0,0,0,1
5110,247745,Super Troopers (2001),Comedy|Crime|Mystery,2001,3.604166667,0,0,0,0,1,1,0,0,0,0,1,0,0,0
5128,238546,Queen of the Damned (2002),Fantasy|Horror,2002,2.363636364,0,0,0,0,0,0,0,0,1,1,0,0,0,0
5135,265343,Monsoon Wedding (2001),Comedy|Romance,2001,3.833333333,0,0,0,0,1,0,0,0,0,0,0,1,0,0
5152,277434,We Were Soldiers (2002),Action|Drama,2002,3.333333333,1,0,0,0,0,0,0,1,0,0,0,0,0,0
5171,268695,"Time Machine, The (2002)",Action|Adventure|Sci-Fi,2002,2.863636364,1,1,0,0,0,0,0,0,0,0,0,0,1,0
5218,268380,Ice Age (2002),Adventure|Animation|Children|Comedy,2002,3.688235294,0,1,1,1,1,0,0,0,0,0,0,0,0,0
5219,120804,Resident Evil (2002),Action|Horror|Sci-Fi|Thriller,2002,3.083333333,1,0,0,0,0,0,0,0,0,1,0,0,1,1
5220,284490,Showtime (2002),Action|Comedy,2002,2.4,1,0,0,0,1,0,0,0,0,0,0,0,0,0
5254,187738,Blade II (2002),Action|Horror|Thriller,2002,3.205882353,1,0,0,0,0,0,0,0,0,1,0,0,0,1
5265,266452,Death to Smoochy (2002),Comedy|Crime|Drama,2002,3.318181818,0,0,0,0,1,1,0,1,0,0,0,0,0,0
5266,258000,Panic Room (2002),Thriller,2002,3,0,0,0,0,0,0,0,0,0,0,0,0,0,1
5267,265662,"Rookie, The (2002)",Drama,2002,3.291666667,0,0,0,0,0,0,0,1,0,0,0,0,0,0
5283,283111,National Lampoon's Van Wilder (2002),Comedy,2002,2.909090909,0,0,0,0,1,0,0,0,0,0,0,0,0,0
5294,264616,Frailty (2001),Crime|Drama|Thriller,2001,3.863636364,0,0,0,0,0,1,0,1,0,0,0,0,0,1
5296,253867,"Sweetest Thing, The (2002)",Comedy|Romance,2002,2.9,0,0,0,0,1,0,0,0,0,0,0,1,0,0
5299,259446,My Big Fat Greek Wedding (2002),Comedy|Romance,2002,3.266666667,0,0,0,0,1,0,0,0,0,0,0,1,0,0
5313,277296,The Scorpion King (2002),Action|Adventure|Fantasy|Thriller,2002,2.295454545,1,1,0,0,0,0,0,0,1,0,0,0,0,1
5329,235737,"Salton Sea, The (2002)",Crime|Drama|Thriller,2002,3.35,0,0,0,0,0,1,0,1,0,0,0,0,0,1
5349,145487,Spider-Man (2002),Action|Adventure|Sci-Fi|Thriller,2002,3.540983607,1,1,0,0,0,0,0,0,0,0,0,0,1,1
5377,276751,About a Boy (2002),Comedy|Drama|Romance,2002,3.715909091,0,0,0,0,1,0,0,1,0,0,0,1,0,0
5378,121765,Star Wars: Episode II - Attack of the Clones (2002),Action|Adventure|Sci-Fi,2002,3.157608696,1,1,0,0,0,0,0,0,0,0,0,0,1,0
5380,278500,"Importance of Being Earnest, The (2002)",Comedy|Drama|Romance,2002,3.85,0,0,0,0,1,0,0,1,0,0,0,1,0,0
5388,278504,Insomnia (2002),Action|Crime|Drama|Mystery|Thriller,2002,3.303030303,1,0,0,0,0,1,0,1,0,0,1,0,0,1
5400,164184,"Sum of All Fears, The (2002)",Drama|Thriller,2002,2.970588235,0,0,0,0,0,0,0,1,0,0,0,0,0,1
5418,258463,"Bourne Identity, The (2002)",Action|Mystery|Thriller,2002,3.816964286,1,0,0,0,0,0,0,0,0,0,1,0,0,1
5419,267913,Scooby-Doo (2002),Adventure|Children|Comedy|Fantasy|Mystery,2002,2.852941176,0,1,0,1,1,0,0,0,1,0,1,0,0,0
5444,275847,Lilo & Stitch (2002),Adventure|Animation|Children|Sci-Fi,2002,3.810344828,0,1,1,1,0,0,0,0,0,0,0,0,1,0
5445,181689,Minority Report (2002),Action|Crime|Mystery|Sci-Fi|Thriller,2002,3.6375,1,0,0,0,0,1,0,0,0,0,1,0,1,1
5449,280590,Mr. Deeds (2002),Comedy|Romance,2002,2.909090909,0,0,0,0,1,0,0,0,0,0,0,1,0,0
5459,120912,Men in Black II (a.k.a. MIIB) (a.k.a. MIB 2) (2002),Action|Comedy|Sci-Fi,2002,2.959016393,1,0,0,0,1,0,0,0,0,0,0,0,1,0
5463,253556,Reign of Fire (2002),Action|Adventure|Fantasy,2002,2.722222222,1,1,0,0,0,0,0,0,1,0,0,0,0,0
5464,257044,Road to Perdition (2002),Crime|Drama,2002,3.520408163,0,0,0,0,0,1,0,1,0,0,0,0,0,0
5481,295178,Austin Powers in Goldmember (2002),Comedy,2002,2.846153846,0,0,0,0,1,0,0,0,0,0,0,0,0,0
5502,286106,Signs (2002),Horror|Sci-Fi|Thriller,2002,3.166666667,0,0,0,0,0,0,0,0,0,1,0,0,1,1
5505,279113,"Good Girl, The (2002)",Comedy|Drama,2002,3.208333333,0,0,0,0,1,0,0,1,0,0,0,0,0,0
5507,295701,xXx (2002),Action|Crime|Thriller,2002,2.770833333,1,0,0,0,0,1,0,0,0,0,0,0,0,1
5528,265459,One Hour Photo (2002),Drama|Thriller,2002,3.473684211,0,0,0,0,0,0,0,1,0,0,0,0,0,1
5574,293662,"Transporter, The (2002)",Action|Crime,2002,3.519230769,1,0,0,0,0,1,0,0,0,0,0,0,0,0
5577,280760,Igby Goes Down (2002),Comedy|Drama,2002,3.666666667,0,0,0,0,1,0,0,1,0,0,0,0,0,0
5608,250258,"Das Experiment (Experiment, The) (2001)",Drama|Thriller,2001,3.863636364,0,0,0,0,0,0,0,1,0,0,0,0,0,1
5618,245429,Spirited Away (Sen to Chihiro no kamikakushi) (2001),Adventure|Animation|Fantasy,2001,4.155172414,0,1,1,0,0,0,0,0,1,0,0,0,0,0
5620,256415,Sweet Home Alabama (2002),Comedy|Romance,2002,3.053571429,0,0,0,0,1,0,0,0,0,0,0,1,0,0
5621,290095,"Tuxedo, The (2002)",Action|Comedy,2002,2.5,1,0,0,0,1,0,0,0,0,0,0,0,0,0
5630,289765,Red Dragon (2002),Crime|Mystery|Thriller,2002,3.435483871,0,0,0,0,0,1,0,0,0,0,1,0,0,1
5669,310793,Bowling for Columbine (2002),Documentary,2002,3.775862069,0,0,0,0,0,0,1,0,0,0,0,0,0,0
5673,272338,Punch-Drunk Love (2002),Comedy|Drama|Romance,2002,3.621212121,0,0,0,0,1,0,0,1,0,0,0,1,0,0
5679,298130,"Ring, The (2002)",Horror|Mystery|Thriller,2002,3.20212766,0,0,0,0,0,0,0,0,0,1,1,0,0,1
5785,322802,Jackass: The Movie (2002),Action|Comedy|Documentary,2002,3.5,1,0,0,0,1,0,1,0,0,0,0,0,0,0
5791,120679,Frida (2002),Drama|Romance,2002,3.78125,0,0,0,0,0,0,0,1,0,0,0,1,0,0
5810,298203,8 Mile (2002),Drama,2002,3.292682927,0,0,0,0,0,0,0,1,0,0,0,0,0,0
5812,297884,Far from Heaven (2002),Drama|Romance,2002,3.863636364,0,0,0,0,0,0,0,1,0,0,0,1,0,0
5816,295297,Harry Potter and the Chamber of Secrets (2002),Adventure|Fantasy,2002,3.598039216,0,1,0,0,0,0,0,0,1,0,0,0,0,0
5872,246460,Die Another Day (2002),Action|Adventure|Thriller,2002,2.925925926,1,1,0,0,0,0,0,0,0,0,0,0,0,1
5878,287467,Talk to Her (Hable con Ella) (2002),Drama|Romance,2002,4.035714286,0,0,0,0,0,0,0,1,0,0,0,1,0,0
5881,307479,Solaris (2002),Drama|Romance|Sci-Fi,2002,3.075,0,0,0,0,0,0,0,1,0,0,0,1,1,0
5902,268126,Adaptation (2002),Comedy|Drama|Romance,2002,3.945652174,0,0,0,0,1,0,0,1,0,0,0,1,0,0
5903,238380,Equilibrium (2002),Action|Sci-Fi|Thriller,2002,3.875,1,0,0,0,0,0,0,0,0,0,0,0,1,1
5943,252076,Maid in Manhattan (2002),Comedy|Romance,2002,2.605263158,0,0,0,0,1,0,0,0,0,0,0,1,0,0
5944,253754,Star Trek: Nemesis (2002),Action|Drama|Sci-Fi|Thriller,2002,3.105263158,1,0,0,0,0,0,0,1,0,0,0,0,1,1
5945,257360,About Schmidt (2002),Comedy|Drama,2002,3.173076923,0,0,0,0,1,0,0,1,0,0,0,0,0,0
5952,167261,"Lord of the Rings: The Two Towers, The (2002)",Adventure|Fantasy,2002,4.021276596,0,1,0,0,0,0,0,0,1,0,0,0,0,0
5954,307901,25th Hour (2002),Crime|Drama,2002,3.840909091,0,0,0,0,0,1,0,1,0,0,0,0,0,0
5956,217505,Gangs of New York (2002),Crime|Drama,2002,3.518181818,0,0,0,0,0,1,0,1,0,0,0,0,0,0
5957,313737,Two Weeks Notice (2002),Comedy|Romance,2002,3.263157895,0,0,0,0,1,0,0,0,0,0,0,1,0,0
5989,264464,Catch Me If You Can (2002),Crime|Drama,2002,3.92173913,0,0,0,0,0,1,0,1,0,0,0,0,0,0
5991,299658,Chicago (2002),Comedy|Crime|Drama,2002,3.724489796,0,0,0,0,1,1,0,1,0,0,0,0,0,0
5992,274558,"Hours, The (2002)",Drama|Romance,2002,3.7,0,0,0,0,0,0,0,1,0,0,0,1,0,0
5995,253474,"Pianist, The (2002)",Drama,2002,4.108695652,0,0,0,0,0,0,0,1,0,0,0,0,0,0
6003,290538,Confessions of a Dangerous Mind (2002),Comedy|Crime|Drama|Thriller,2002,3.6,0,0,0,0,1,1,0,1,0,0,0,0,0,1
6016,317248,City of God (Cidade de Deus) (2002),Action|Adventure|Crime|Drama|Thriller,2002,4.146666667,1,1,0,0,0,1,0,1,0,0,0,0,0,1
6058,309593,Final Destination 2 (2003),Horror|Thriller,2003,3.05,0,0,0,0,0,0,0,0,0,1,0,0,0,1
6059,292506,"Recruit, The (2003)",Action|Thriller,2003,3.352941176,1,0,0,0,0,0,0,0,0,0,0,0,0,1
6155,251127,How to Lose a Guy in 10 Days (2003),Comedy|Romance,2003,3.275862069,0,0,0,0,1,0,0,0,0,0,0,1,0,0
6156,300471,Shanghai Knights (2003),Action|Adventure|Comedy,2003,3.210526316,1,1,0,0,1,0,0,0,0,0,0,0,0,0
6157,287978,Daredevil (2003),Action|Crime,2003,2.5,1,0,0,0,0,1,0,0,0,0,0,0,0,0
6188,302886,Old School (2003),Comedy,2003,3.512820513,0,0,0,0,1,0,0,0,0,0,0,0,0,0
6218,286499,Bend It Like Beckham (2002),Comedy|Drama|Romance,2002,3.3,0,0,0,0,1,0,0,1,0,0,0,1,0,0
6281,183649,Phone Booth (2002),Drama|Thriller,2002,3.140625,0,0,0,0,0,0,0,1,0,0,0,0,0,1
6283,275277,Cowboy Bebop: The Movie (Cowboy Bebop: Tengoku no Tobira) (2001),Action|Animation|Sci-Fi|Thriller,2001,3.9,1,0,1,0,0,0,0,0,0,0,0,0,1,1
6287,305224,Anger Management (2003),Comedy,2003,3.058823529,0,0,0,0,1,0,0,0,0,0,0,0,0,0
6294,245803,Bulletproof Monk (2003),Action|Adventure|Sci-Fi,2003,2.409090909,1,1,0,0,0,0,0,0,0,0,0,0,1,0
6296,310281,"Mighty Wind, A (2003)",Comedy,2003,3.75,0,0,0,0,1,0,0,0,0,0,0,0,0,0
6297,311289,Holes (2003),Adventure|Children|Comedy|Mystery,2003,3.425,0,1,0,1,1,0,0,0,0,0,1,0,0,0
6323,309698,Identity (2003),Crime|Horror|Mystery|Thriller,2003,3.681818182,0,0,0,0,0,1,0,0,0,1,1,0,0,1
6331,334405,Spellbound (2002),Documentary,2002,3.923076923,0,0,0,0,0,0,1,0,0,0,0,0,0,0
6333,290334,X2: X-Men United (2003),Action|Adventure|Sci-Fi|Thriller,2003,3.723684211,1,1,0,0,0,0,0,0,0,0,0,0,1,1
6365,234215,"Matrix Reloaded, The (2003)",Action|Adventure|Sci-Fi|Thriller,2003,3.354166667,1,1,0,0,0,0,0,0,0,0,0,0,1,1
6367,309530,Down with Love (2003),Comedy|Romance,2003,2.9,0,0,0,0,1,0,0,0,0,0,0,1,0,0
6373,315327,Bruce Almighty (2003),Comedy|Drama|Fantasy|Romance,2003,3.316901408,0,0,0,0,1,0,0,1,1,0,0,1,0,0
6377,266543,Finding Nemo (2003),Adventure|Animation|Children|Comedy,2003,3.960992908,0,1,1,1,1,0,0,0,0,0,0,0,0,0
6378,317740,"Italian Job, The (2003)",Action|Crime,2003,3.618644068,1,0,0,0,0,1,0,0,0,0,0,0,0,0
6383,322259,"2 Fast 2 Furious (Fast and the Furious 2, The) (2003)",Action|Crime|Thriller,2003,2.605263158,1,0,0,0,0,1,0,0,0,0,0,0,0,1
6385,298228,Whale Rider (2002),Drama,2002,3.75,0,0,0,0,0,0,0,1,0,0,0,0,0,0
6482,329028,Dumb and Dumberer: When Harry Met Lloyd (2003),Comedy,2003,1.954545455,0,0,0,0,1,0,0,0,0,0,0,0,0,0
6502,289043,28 Days Later (2002),Action|Horror|Sci-Fi,2002,3.974137931,1,0,0,0,0,0,0,0,0,1,0,0,1,0
6503,305357,Charlie's Angels: Full Throttle (2003),Action|Adventure|Comedy|Crime|Thriller,2003,2.37037037,1,1,0,0,1,1,0,0,0,0,0,0,0,1
6534,286716,Hulk (2003),Action|Adventure|Sci-Fi,2003,2.560606061,1,1,0,0,0,0,0,0,0,0,0,0,1,0
6535,333780,"Legally Blonde 2: Red, White & Blonde (2003)",Comedy,2003,2.409090909,0,0,0,0,1,0,0,0,0,0,0,0,0,0
6537,181852,Terminator 3: Rise of the Machines (2003),Action|Adventure|Sci-Fi,2003,3.044444444,1,1,0,0,0,0,0,0,0,0,0,0,1,0
6539,325980,Pirates of the Caribbean: The Curse of the Black Pearl (2003),Action|Adventure|Comedy|Fantasy,2003,3.77852349,1,1,0,0,1,0,0,0,1,0,0,0,0,0
6541,311429,"League of Extraordinary Gentlemen, The (a.k.a. LXG) (2003)",Action|Fantasy|Sci-Fi,2003,2.625,1,0,0,0,0,0,0,0,1,0,0,0,1,0
6548,172156,Bad Boys II (2003),Action|Comedy|Crime|Thriller,2003,2.882352941,1,0,0,0,1,1,0,0,0,0,0,0,0,1
6550,274166,Johnny English (2003),Action|Comedy|Thriller,2003,2.961538462,1,0,0,0,1,0,0,0,0,0,0,0,0,1
6552,301199,Dirty Pretty Things (2002),Crime|Drama|Thriller,2002,3.625,0,0,0,0,0,1,0,1,0,0,0,0,0,1
6564,325703,Lara Croft Tomb Raider: The Cradle of Life (2003),Action|Adventure|Comedy|Romance|Thriller,2003,2.647058824,1,1,0,0,1,0,0,0,0,0,0,1,0,1
6565,329575,Seabiscuit (2003),Drama,2003,3.694444444,0,0,0,0,0,0,0,1,0,0,0,0,0,0
6586,328828,American Wedding (American Pie 3) (2003),Comedy,2003,3.09375,0,0,0,0,1,0,0,0,0,0,0,0,0,0
6593,322330,Freaky Friday (2003),Children|Comedy|Fantasy,2003,3.208333333,0,0,0,1,1,0,0,0,1,0,0,0,0,0
6595,257076,S.W.A.T. (2003),Action|Thriller,2003,3.321428571,1,0,0,0,0,0,0,0,0,0,0,0,0,1
6618,286112,Shaolin Soccer (Siu lam juk kau) (2001),Action|Comedy,2001,3.823529412,1,0,0,0,1,0,0,0,0,0,0,0,0,0
6620,305206,American Splendor (2003),Comedy|Drama,2003,3.833333333,0,0,0,0,1,0,0,1,0,0,0,0,0,0
6708,325805,Matchstick Men (2003),Comedy|Crime|Drama,2003,3.720588235,0,0,0,0,1,1,0,1,0,0,0,0,0,0
6709,285823,Once Upon a Time in Mexico (2003),Action|Adventure|Crime|Thriller,2003,3.214285714,1,1,0,0,0,1,0,0,0,0,0,0,0,1
6711,335266,Lost in Translation (2003),Comedy|Drama|Romance,2003,4.033783784,0,0,0,0,1,0,0,1,0,0,0,1,0,0
6753,327137,Secondhand Lions (2003),Children|Comedy|Drama,2003,3.5,0,0,0,1,1,0,0,1,0,0,0,0,0,0
6754,320691,Underworld (2003),Action|Fantasy|Horror,2003,3.5,1,0,0,0,0,0,0,0,1,1,0,0,0,0
6755,281686,Bubba Ho-tep (2002),Comedy|Horror,2002,3.321428571,0,0,0,0,1,0,0,0,0,1,0,0,0,0
6764,327850,"Rundown, The (2003)",Action|Adventure|Comedy,2003,3.147058824,1,1,0,0,1,0,0,0,0,0,0,0,0,0
6773,286244,"Triplets of Belleville, The (Les triplettes de Belleville) (2003)",Animation|Comedy|Fantasy,2003,3.704545455,0,0,1,0,1,0,0,0,1,0,0,0,0,0
6863,332379,School of Rock (2003),Comedy,2003,3.401515152,0,0,0,0,1,0,0,0,0,0,0,0,0,0
6867,340377,"Station Agent, The (2003)",Comedy|Drama,2003,3.583333333,0,0,0,0,1,0,0,1,0,0,0,0,0,0
6870,327056,Mystic River (2003),Crime|Drama|Mystery,2003,3.711538462,0,0,0,0,0,1,0,1,0,0,1,0,0,0
6873,138524,Intolerable Cruelty (2003),Comedy|Romance,2003,3.175,0,0,0,0,1,0,0,0,0,0,0,1,0,0
6874,266697,Kill Bill: Vol. 1 (2003),Action|Crime|Thriller,2003,3.961832061,1,0,0,0,0,1,0,0,0,0,0,0,0,1
6879,313542,Runaway Jury (2003),Drama|Thriller,2003,3.441176471,0,0,0,0,0,0,0,1,0,0,0,0,0,1
6888,306047,Scary Movie 3 (2003),Comedy|Horror,2003,2.275,0,0,0,0,1,0,0,0,0,1,0,0,0,0
6934,242653,"Matrix Revolutions, The (2003)",Action|Adventure|Sci-Fi|Thriller,2003,3.151898734,1,1,0,0,0,0,0,0,0,0,0,0,1,1
6936,319343,Elf (2003),Children|Comedy|Fantasy,2003,3.692307692,0,0,0,1,1,0,0,0,1,0,0,0,0,0
6942,314331,Love Actually (2003),Comedy|Drama|Romance,2003,3.788135593,0,0,0,0,1,0,0,1,0,0,0,1,0,0
6947,311113,Master and Commander: The Far Side of the World (2003),Adventure|Drama,2003,3.638888889,0,1,0,0,0,0,0,1,0,0,0,0,0,0
6953,315733,21 Grams (2003),Crime|Drama|Mystery|Romance|Thriller,2003,3.3,0,0,0,0,0,1,0,1,0,0,1,1,0,1
6957,307987,Bad Santa (2003),Comedy|Crime,2003,3.365384615,0,0,0,0,1,1,0,0,0,0,0,0,0,0
6958,338094,"Haunted Mansion, The (2003)",Children|Comedy|Fantasy|Horror,2003,2.5,0,0,0,1,1,0,0,0,1,1,0,0,0,0
7090,299977,Hero (Ying xiong) (2002),Action|Adventure|Drama,2002,3.921052632,1,1,0,0,0,0,0,1,0,0,0,0,0,0
7137,318374,"Cooler, The (2003)",Comedy|Drama|Romance,2003,3.55,0,0,0,0,1,0,0,1,0,0,0,1,0,0
7143,325710,"Last Samurai, The (2003)",Action|Adventure|Drama,2003,3.903225806,1,1,0,0,0,0,0,1,0,0,0,0,0,0
7147,319061,Big Fish (2003),Drama|Fantasy|Romance,2003,3.833333333,0,0,0,0,0,0,0,1,1,0,0,1,0,0
7149,337741,Something's Gotta Give (2003),Comedy|Drama|Romance,2003,3.647058824,0,0,0,0,1,0,0,1,0,0,0,1,0,0
7150,338466,Stuck on You (2003),Comedy,2003,2.8,0,0,0,0,1,0,0,0,0,0,0,0,0,0
7151,335119,Girl with a Pearl Earring (2003),Drama|Romance,2003,3.375,0,0,0,0,0,0,0,1,0,0,0,1,0,0
7153,167260,"Lord of the Rings: The Return of the King, The (2003)",Action|Adventure|Drama|Fantasy,2003,4.118918919,1,1,0,0,0,0,0,1,1,0,0,0,0,0
7154,304415,Mona Lisa Smile (2003),Drama|Romance,2003,2.8,0,0,0,0,0,0,0,1,0,0,0,1,0,0
7156,317910,"Fog of War: Eleven Lessons from the Life of Robert S. McNamara, The (2003)",Documentary,2003,4.307692308,0,0,0,0,0,0,1,0,0,0,0,0,0,0
7160,340855,Monster (2003),Crime|Drama,2003,3.529411765,0,0,0,0,0,1,0,1,0,0,0,0,0,0
7162,159365,Cold Mountain (2003),Drama|Romance,2003,3.291666667,0,0,0,0,0,0,0,1,0,0,0,1,0,0
7163,338337,Paycheck (2003),Action|Sci-Fi|Thriller,2003,2.911764706,1,0,0,0,0,0,0,0,0,0,0,0,1,1
7173,343135,Along Came Polly (2004),Comedy|Romance,2004,3.041666667,0,0,0,0,1,0,0,0,0,0,0,1,0,0
7254,289879,The Butterfly Effect (2004),Drama|Sci-Fi|Thriller,2004,3.630434783,0,0,0,0,0,0,0,1,0,0,0,0,1,1
7263,349825,Miracle (2004),Drama,2004,3.35,0,0,0,0,0,0,0,1,0,0,0,0,0,0
7265,309987,"Dreamers, The (2003)",Drama,2003,3.730769231,0,0,0,0,0,0,0,1,0,0,0,0,0,0
7293,343660,50 First Dates (2004),Comedy|Romance,2004,3.553191489,0,0,0,0,1,0,0,0,0,0,0,1,0,0
7317,356150,EuroTrip (2004),Adventure|Comedy,2004,3.133333333,0,1,0,0,1,0,0,0,0,0,0,0,0,0
7323,301357,"Good bye, Lenin! (2003)",Comedy|Drama,2003,3.804347826,0,0,0,0,1,0,0,1,0,0,0,0,0,0
7324,317648,Hidalgo (2004),Adventure|Drama,2004,3.318181818,0,1,0,0,0,0,0,1,0,0,0,0,0,0
7325,335438,Starsky & Hutch (2004),Action|Comedy|Crime|Thriller,2004,3.285714286,1,0,0,0,1,1,0,0,0,0,0,0,0,1
7347,363988,Secret Window (2004),Mystery|Thriller,2004,3.3,0,0,0,0,0,0,0,0,0,0,1,0,0,1
7360,363547,Dawn of the Dead (2004),Action|Drama|Horror|Thriller,2004,3.90625,1,0,0,0,0,0,0,1,0,1,0,0,0,1
7361,338013,Eternal Sunshine of the Spotless Mind (2004),Drama|Romance|Sci-Fi,2004,4.160305344,0,0,0,0,0,0,0,1,0,0,0,1,1,0
7367,335245,"Ladykillers, The (2004)",Comedy|Crime,2004,2.571428571,0,0,0,0,1,1,0,0,0,0,0,0,0,0
7371,276919,Dogville (2003),Drama|Mystery|Thriller,2003,4.025,0,0,0,0,0,0,0,1,0,0,1,0,0,1
7373,167190,Hellboy (2004),Action|Adventure|Fantasy|Horror,2004,3.37804878,1,1,0,0,0,0,0,0,1,1,0,0,0,0
7438,378194,Kill Bill: Vol. 2 (2004),Action|Drama|Thriller,2004,3.868181818,1,0,0,0,0,0,0,1,0,0,0,0,0,1
7439,330793,"Punisher, The (2004)",Action|Crime|Thriller,2004,3.5,1,0,0,0,0,1,0,0,0,0,0,0,0,1
7444,337563,13 Going on 30 (2004),Comedy|Fantasy|Romance,2004,3.19047619,0,0,0,0,1,0,0,0,1,0,0,1,0,0
7445,328107,Man on Fire (2004),Action|Crime|Drama|Mystery|Thriller,2004,3.628571429,1,0,0,0,0,1,0,1,0,0,1,0,0,1
7451,377092,Mean Girls (2004),Comedy,2004,3.756410256,0,0,0,0,1,0,0,0,0,0,0,0,0,0
7454,338526,Van Helsing (2004),Action|Adventure|Fantasy|Horror,2004,2.708333333,1,1,0,0,0,0,0,0,1,1,0,0,0,0
7458,332452,Troy (2004),Action|Adventure|Drama,2004,3.427083333,1,1,0,0,0,0,0,1,0,0,0,0,0,0
8014,374546,"Spring, Summer, Fall, Winter... and Spring (Bom yeoreum gaeul gyeoul geurigo bom) (2003)",Drama,2003,4.25,0,0,0,0,0,0,0,1,0,0,0,0,0,0
8360,298148,Shrek 2 (2004),Adventure|Animation|Children|Comedy|Romance,2004,3.576086957,0,1,1,1,1,0,0,0,0,0,0,1,0,0
8361,319262,"Day After Tomorrow, The (2004)",Action|Adventure|Drama|Sci-Fi|Thriller,2004,3.05,1,1,0,0,0,0,0,1,0,0,0,0,1,1
8366,332375,Saved! (2004),Comedy|Drama,2004,3.892857143,0,0,0,0,1,0,0,1,0,0,0,0,0,0
8368,304141,Harry Potter and the Prisoner of Azkaban (2004),Adventure|Fantasy,2004,3.913978495,0,1,0,0,0,0,0,0,1,0,0,0,0,0
8370,363226,"Blind Swordsman: Zatoichi, The (ZatÃ´ichi) (2003)",Action|Comedy|Crime|Drama,2003,3.958333333,1,0,0,0,1,1,0,1,0,0,0,0,0,0
8371,296572,"Chronicles of Riddick, The (2004)",Action|Sci-Fi|Thriller,2004,3.304347826,1,0,0,0,0,0,0,0,0,0,0,0,1,1
8373,327162,"Stepford Wives, The (2004)",Comedy|Fantasy|Thriller,2004,2.25,0,0,0,0,1,0,0,0,1,0,0,0,0,1
8376,374900,Napoleon Dynamite (2004),Comedy,2004,3.324324324,0,0,0,0,1,0,0,0,0,0,0,0,0,0
8464,390521,Super Size Me (2004),Comedy|Documentary|Drama,2004,3.51,0,0,0,0,1,0,1,1,0,0,0,0,0,0
8528,364725,Dodgeball: A True Underdog Story (2004),Comedy,2004,3.551282051,0,0,0,0,1,0,0,0,0,0,0,0,0,0
8529,362227,"Terminal, The (2004)",Comedy|Drama|Romance,2004,3.319148936,0,0,0,0,1,0,0,1,0,0,0,1,0,0
8533,332280,"Notebook, The (2004)",Drama|Romance,2004,3.565789474,0,0,0,0,0,0,0,1,0,0,0,1,0,0
8622,361596,Fahrenheit 9/11 (2004),Documentary,2004,3.486486486,0,0,0,0,0,0,1,0,0,0,0,0,0,0
8636,316654,Spider-Man 2 (2004),Action|Adventure|Sci-Fi,2004,3.803797468,1,1,0,0,0,0,0,0,0,0,0,0,1,0
8638,381681,Before Sunset (2004),Drama|Romance,2004,3.7,0,0,0,0,0,0,0,1,0,0,0,1,0,0
8640,349683,King Arthur (2004),Action|Adventure|Drama,2004,2.961538462,1,1,0,0,0,0,0,1,0,0,0,0,0,0
8641,357413,Anchorman: The Legend of Ron Burgundy (2004),Comedy,2004,3.771929825,0,0,0,0,1,0,0,0,0,0,0,0,0,0
8644,343818,"I, Robot (2004)",Action|Adventure|Sci-Fi|Thriller,2004,3.491803279,1,1,0,0,0,0,0,0,0,0,0,0,1,1
8665,372183,"Bourne Supremacy, The (2004)",Action|Crime|Thriller,2004,3.786666667,1,0,0,0,0,1,0,0,0,0,0,0,0,1
8781,368008,"Manchurian Candidate, The (2004)",Thriller,2004,3.041666667,0,0,0,0,0,0,0,0,0,0,0,0,0,1
8783,368447,"Village, The (2004)",Drama|Mystery|Thriller,2004,3.192307692,0,0,0,0,0,0,0,1,0,0,1,0,0,1
8784,333766,Garden State (2004),Comedy|Drama|Romance,2004,3.708333333,0,0,0,0,1,0,0,1,0,0,0,1,0,0
8798,369339,Collateral (2004),Action|Crime|Drama|Thriller,2004,3.761363636,1,0,0,0,0,1,0,1,0,0,0,0,0,1
8807,366551,Harold and Kumar Go to White Castle (2004),Adventure|Comedy,2004,3.455882353,0,1,0,0,1,0,0,0,0,0,0,0,0,0
8810,370263,AVP: Alien vs. Predator (2004),Action|Horror|Sci-Fi|Thriller,2004,2.823529412,1,0,0,0,0,0,0,0,0,1,0,0,1,1
8861,318627,Resident Evil: Apocalypse (2004),Action|Horror|Sci-Fi|Thriller,2004,2.928571429,1,0,0,0,0,0,0,0,0,1,0,0,1,1
8865,346156,Sky Captain and the World of Tomorrow (2004),Action|Adventure|Sci-Fi,2004,2.638888889,1,1,0,0,0,0,0,0,0,0,0,0,1,0
8873,318462,"Motorcycle Diaries, The (Diarios de motocicleta) (2004)",Adventure|Drama,2004,3.796296296,0,1,0,0,0,0,0,1,0,0,0,0,0,0
8874,365748,Shaun of the Dead (2004),Comedy|Horror,2004,4.006493506,0,0,0,0,1,0,0,0,0,1,0,0,0,0
8907,307453,Shark Tale (2004),Animation|Children|Comedy,2004,2.346153846,0,0,1,1,1,0,0,0,0,0,0,0,0,0
8910,356721,I Heart Huckabees (2004),Comedy,2004,3.452380952,0,0,0,0,1,0,0,0,0,0,0,0,0,0
8914,390384,Primer (2004),Drama|Sci-Fi,2004,3.794117647,0,0,0,0,0,0,0,1,0,0,0,0,1,0
8917,372588,Team America: World Police (2004),Action|Adventure|Animation|Comedy,2004,3.46875,1,1,1,0,1,0,0,0,0,0,0,0,0,0
8947,391198,"Grudge, The (2004)",Horror|Mystery|Thriller,2004,2.3,0,0,0,0,0,0,0,0,0,1,1,0,0,1
8949,375063,Sideways (2004),Comedy|Drama|Romance,2004,3.743589744,0,0,0,0,1,0,0,1,0,0,0,1,0,0
8950,361862,The Machinist (2004),Drama|Mystery|Thriller,2004,3.986842105,0,0,0,0,0,0,0,1,0,0,1,0,0,1
8957,387564,Saw (2004),Horror|Mystery|Thriller,2004,3.181818182,0,0,0,0,0,0,0,0,0,1,1,0,0,1
8958,350258,Ray (2004),Drama,2004,3.684210526,0,0,0,0,0,0,0,1,0,0,0,0,0,0
8961,317705,"Incredibles, The (2004)",Action|Adventure|Animation|Children|Comedy,2004,3.836,1,1,1,1,1,0,0,0,0,0,0,0,0,0
8965,338348,"Polar Express, The (2004)",Adventure|Animation|Children|Fantasy,2004,3.136363636,0,1,1,1,0,0,0,0,1,0,0,0,0,0
8969,317198,Bridget Jones: The Edge of Reason (2004),Comedy|Drama|Romance,2004,3.025,0,0,0,0,1,0,0,1,0,0,0,1,0,0
8970,308644,Finding Neverland (2004),Drama,2004,3.609375,0,0,0,0,0,0,0,1,0,0,0,0,0,0
8972,368891,National Treasure (2004),Action|Adventure|Drama|Mystery|Thriller,2004,3.263157895,1,1,0,0,0,0,0,1,0,0,1,0,0,1
8977,346491,Alexander (2004),Action|Adventure|Drama,2004,2.2,1,1,0,0,0,0,0,1,0,0,0,0,0,0
8981,376541,Closer (2004),Drama|Romance,2004,3.71875,0,0,0,0,0,0,0,1,0,0,0,1,0,0
8983,385004,House of Flying Daggers (Shi mian mai fu) (2004),Action|Drama|Romance,2004,3.52,1,0,0,0,0,0,0,1,0,0,0,1,0,0
8984,349903,Ocean's Twelve (2004),Action|Comedy|Crime|Thriller,2004,3.290697674,1,0,0,0,1,1,0,0,0,0,0,0,0,1
8985,359013,Blade: Trinity (2004),Action|Fantasy|Horror|Thriller,2004,2.857142857,1,0,0,0,0,0,0,0,1,1,0,0,0,1
27611,314979,Battlestar Galactica (2003),Drama|Sci-Fi,2003,3.815789474,0,0,0,0,0,0,0,1,0,0,0,0,1,0
27660,328832,"Animatrix, The (2003)",Action|Animation|Drama|Sci-Fi,2003,3.7,1,0,1,0,0,0,0,1,0,0,0,0,1,0
27706,339291,Lemony Snicket's A Series of Unfortunate Events (2004),Adventure|Children|Comedy|Fantasy,2004,3.16,0,1,0,1,1,0,0,0,1,0,0,0,0,0
27773,364569,Old Boy (2003),Mystery|Thriller,2003,4.08974359,0,0,0,0,0,0,0,0,0,0,1,0,0,1
27801,368909,Ong-Bak: The Thai Warrior (Ong Bak) (2003),Action|Thriller,2003,4,1,0,0,0,0,0,0,0,0,0,0,0,0,1
27808,371246,Spanglish (2004),Comedy|Drama|Romance,2004,3.363636364,0,0,0,0,1,0,0,1,0,0,0,1,0,0
27815,372824,"Chorus, The (Choristes, Les) (2004)",Drama,2004,3.909090909,0,0,0,0,0,0,0,1,0,0,0,0,0,0
27831,375912,Layer Cake (2004),Crime|Drama|Thriller,2004,3.815789474,0,0,0,0,0,1,0,1,0,0,0,0,0,1
27846,379225,"Corporation, The (2003)",Documentary,2003,3.9,0,0,0,0,0,0,1,0,0,0,0,0,0,0
27904,405296,"Scanner Darkly, A (2006)",Animation|Drama|Mystery|Sci-Fi|Thriller,2006,3.613636364,0,0,1,0,0,0,0,1,0,0,1,0,1,1
30707,405159,Million Dollar Baby (2004),Drama,2004,3.846153846,0,0,0,0,0,0,0,1,0,0,0,0,0,0
30749,395169,Hotel Rwanda (2004),Drama,2004,3.791666667,0,0,0,0,0,0,0,1,0,0,0,0,0,0
30793,367594,Charlie and the Chocolate Factory (2005),Adventure|Children|Comedy|Fantasy,2005,3,0,1,0,1,1,0,0,0,1,0,0,0,0,0
30810,362270,"Life Aquatic with Steve Zissou, The (2004)",Adventure|Comedy|Fantasy,2004,3.486486486,0,1,0,0,1,0,0,0,1,0,0,0,0,0
30812,338751,"Aviator, The (2004)",Drama,2004,3.528571429,0,0,0,0,0,0,0,1,0,0,0,0,0,0
30816,293508,"Phantom of the Opera, The (2004)",Drama|Romance,2004,3.166666667,0,0,0,0,0,0,0,1,0,0,0,1,0,0
30822,385267,In Good Company (2004),Comedy|Drama,2004,3.454545455,0,0,0,0,1,0,0,1,0,0,0,0,0,0
30825,290002,Meet the Fockers (2004),Comedy,2004,3.106060606,0,0,0,0,1,0,0,0,0,0,0,0,0,0
31221,357277,Elektra (2005),Action|Adventure|Crime|Drama,2005,2.05,1,1,0,0,0,1,0,1,0,0,0,0,0,0
31410,363163,"Downfall (Untergang, Der) (2004)",Drama,2004,3.875,0,0,0,0,0,0,0,1,0,0,0,0,0,0
31433,372532,"Wedding Date, The (2005)",Comedy|Romance,2005,3.136363636,0,0,0,0,1,0,0,0,0,0,0,1,0,0
31658,347149,Howl's Moving Castle (Hauru no ugoku shiro) (2004),Adventure|Animation|Fantasy|Romance,2004,4.075,0,1,1,0,0,0,0,0,1,0,0,1,0,0
31685,386588,Hitch (2005),Comedy|Romance,2005,3.166666667,0,0,0,0,1,0,0,0,0,0,0,1,0,0
31696,360486,Constantine (2005),Action|Fantasy|Horror|Thriller,2005,3.471428571,1,0,0,0,0,0,0,0,1,1,0,0,0,1
31878,373074,Kung Fu Hustle (Gong fu) (2004),Action|Comedy,2004,3.578947368,1,0,0,0,1,0,0,0,0,0,0,0,0,0
32029,340163,Hostage (2005),Action|Crime|Drama|Thriller,2005,3.05,1,0,0,0,0,1,0,1,0,0,0,0,0,1
32031,358082,Robots (2005),Adventure|Animation|Children|Comedy|Fantasy|Sci-Fi,2005,3.026315789,0,1,1,1,1,0,0,0,1,0,0,0,1,0
32587,401792,Sin City (2005),Action|Crime|Mystery|Thriller,2005,3.857142857,1,0,0,0,0,1,0,0,0,0,1,0,0,1
33004,371724,"Hitchhiker's Guide to the Galaxy, The (2005)",Adventure|Comedy|Sci-Fi,2005,3.420454545,0,1,0,0,1,0,0,0,0,0,0,0,1,0
33162,320661,Kingdom of Heaven (2005),Action|Drama|Romance,2005,3.5,1,0,0,0,0,0,0,1,0,0,0,1,0,0
33166,375679,Crash (2004),Crime|Drama,2004,3.89,0,0,0,0,0,1,0,1,0,0,0,0,0,0
33493,121766,Star Wars: Episode III - Revenge of the Sith (2005),Action|Adventure|Sci-Fi,2005,3.429487179,1,1,0,0,0,0,0,0,0,0,0,0,1,0
33615,351283,Madagascar (2005),Adventure|Animation|Children|Comedy,2005,3.375,0,1,1,1,1,0,0,0,0,0,0,0,0,0
33660,352248,Cinderella Man (2005),Drama|Romance,2005,4.088235294,0,0,0,0,0,0,0,1,0,0,0,1,0,0
33679,356910,Mr. & Mrs. Smith (2005),Action|Adventure|Comedy|Romance,2005,3.279661017,1,1,0,0,1,0,0,0,0,0,0,1,0,0
33794,372784,Batman Begins (2005),Action|Crime,2005,3.862068966,1,0,0,0,0,1,0,0,0,0,0,0,0,0
33836,374536,Bewitched (2005),Comedy|Fantasy|Romance,2005,2.269230769,0,0,0,0,1,0,0,0,1,0,0,1,0,0
34048,407304,War of the Worlds (2005),Action|Adventure|Sci-Fi|Thriller,2005,3.15,1,1,0,0,0,0,0,0,0,0,0,0,1,1
34072,428803,"March of the Penguins (Marche de l'empereur, La) (2005)",Documentary,2005,3.555555556,0,0,0,0,0,0,1,0,0,0,0,0,0,0
34150,120667,Fantastic Four (2005),Action|Adventure|Sci-Fi,2005,2.763888889,1,1,0,0,0,0,0,0,0,0,0,0,1,0
34162,396269,Wedding Crashers (2005),Comedy|Romance,2005,3.50862069,0,0,0,0,1,0,0,0,0,0,0,1,0,0
34319,399201,"Island, The (2005)",Action|Sci-Fi|Thriller,2005,3.35483871,1,0,0,0,0,0,0,0,0,0,0,0,1,1
34405,379786,Serenity (2005),Action|Adventure|Sci-Fi,2005,3.94,1,1,0,0,0,0,0,0,0,0,0,0,1,0
34437,412019,Broken Flowers (2005),Comedy|Drama,2005,3.476190476,0,0,0,0,1,0,0,1,0,0,0,0,0,0
34520,377818,"Dukes of Hazzard, The (2005)",Action|Adventure|Comedy,2005,2.083333333,1,1,0,0,1,0,0,0,0,0,0,0,0,0
35836,405422,"40-Year-Old Virgin, The (2005)",Comedy|Romance,2005,3.547297297,0,0,0,0,1,0,0,0,0,0,0,1,0,0
36401,355295,"Brothers Grimm, The (2005)",Comedy|Fantasy|Horror|Thriller,2005,2.625,0,0,0,0,1,0,0,0,1,1,0,0,0,1
36517,387131,"Constant Gardener, The (2005)",Drama|Thriller,2005,3.461538462,0,0,0,0,0,0,0,1,0,0,0,0,0,1
36519,388482,Transporter 2 (2005),Action|Crime|Thriller,2005,3.21875,1,0,0,0,0,1,0,0,0,0,0,0,0,1
36529,399295,Lord of War (2005),Action|Crime|Drama|Thriller,2005,3.714285714,1,0,0,0,0,1,0,1,0,0,0,0,0,1
36708,385690,Family Guy Presents Stewie Griffin: The Untold Story (2005),Adventure|Animation|Comedy,2005,3.708333333,0,1,1,0,1,0,0,0,0,0,0,0,0,0
37380,419706,Doom (2005),Action|Horror|Sci-Fi,2005,2.15,1,0,0,0,0,0,0,0,0,1,0,0,1,0
37384,348333,Waiting... (2005),Comedy,2005,3.269230769,0,0,0,0,1,0,0,0,0,0,0,0,0,0
37386,402022,Aeon Flux (2005),Action|Sci-Fi,2005,2.761904762,1,0,0,0,0,0,0,0,0,0,0,0,1,0
37727,408790,Flightplan (2005),Action|Drama|Thriller,2005,2.863636364,1,0,0,0,0,0,0,1,0,0,0,0,0,1
37729,121164,Corpse Bride (2005),Animation|Comedy|Fantasy|Romance,2005,3.534090909,0,0,1,0,1,0,0,0,1,0,0,1,0,0
37733,399146,"History of Violence, A (2005)",Action|Crime|Drama|Thriller,2005,3.5,1,0,0,0,0,1,0,1,0,0,0,0,0,1
37741,379725,Capote (2005),Crime|Drama,2005,3.869565217,0,0,0,0,0,1,0,1,0,0,0,0,0,0
37830,385700,Final Fantasy VII: Advent Children (2004),Action|Adventure|Animation|Fantasy|Sci-Fi,2004,3.55,1,1,1,0,0,0,0,0,1,0,0,0,1,0
38038,312004,Wallace & Gromit in The Curse of the Were-Rabbit (2005),Adventure|Animation|Children|Comedy,2005,3.633333333,0,1,1,1,1,0,0,0,0,0,0,0,0,0
38061,373469,Kiss Kiss Bang Bang (2005),Comedy|Crime|Mystery|Thriller,2005,4.071428571,0,0,0,0,1,1,0,0,0,0,1,0,0,1
39183,388795,Brokeback Mountain (2005),Drama|Romance,2005,3.558823529,0,0,0,0,0,0,0,1,0,0,0,1,0,0
39292,433383,"Good Night, and Good Luck. (2005)",Crime|Drama,2005,3.775,0,0,0,0,0,1,0,1,0,0,0,0,0,0
39446,432348,Saw II (2005),Horror|Thriller,2005,2.807692308,0,0,0,0,0,0,0,0,0,1,0,0,0,1
40278,418763,Jarhead (2005),Action|Drama,2005,3.676470588,1,0,0,0,0,0,0,1,0,0,0,0,0,0
40583,365737,Syriana (2005),Drama|Thriller,2005,3.53125,0,0,0,0,0,0,0,1,0,0,0,0,0,1
40629,414387,Pride & Prejudice (2005),Drama|Romance,2005,3.555555556,0,0,0,0,0,0,0,1,0,0,0,1,0,0
40732,435625,"Descent, The (2005)",Adventure|Drama|Horror|Thriller,2005,3.545454545,0,1,0,0,0,0,0,1,0,1,0,0,0,1
40815,330373,Harry Potter and the Goblet of Fire (2005),Adventure|Fantasy|Thriller,2005,3.816901408,0,1,0,0,0,0,0,0,1,0,0,0,0,1
40819,358273,Walk the Line (2005),Drama|Romance,2005,3.756410256,0,0,0,0,0,0,0,1,0,0,0,1,0,0
40826,294870,Rent (2005),Drama|Romance,2005,3.15,0,0,0,0,0,0,0,1,0,0,0,1,0,0
41285,416320,Match Point (2005),Crime|Drama|Romance,2005,3.441176471,0,0,0,0,0,1,0,1,0,0,0,1,0,0
41566,363771,"Chronicles of Narnia: The Lion, the Witch and the Wardrobe, The (2005)",Adventure|Children|Fantasy,2005,3.443548387,0,1,0,1,0,0,0,0,1,0,0,0,0,0
41569,360717,King Kong (2005),Action|Adventure|Drama|Fantasy|Thriller,2005,3.4,1,1,0,0,0,0,0,1,1,0,0,0,0,1
41997,408306,Munich (2005),Action|Crime|Drama|Thriller,2005,3.80952381,1,0,0,0,0,1,0,1,0,0,0,0,0,1
42011,369441,Fun with Dick and Jane (2005),Comedy|Crime,2005,2.181818182,0,0,0,0,1,1,0,0,0,0,0,0,0,0
42723,450278,Hostel (2005),Horror,2005,2.863636364,0,0,0,0,0,0,0,0,0,1,0,0,0,0
42738,401855,Underworld: Evolution (2006),Action|Fantasy|Horror,2006,3.09375,1,0,0,0,0,0,0,0,1,1,0,0,0,0
43928,370032,Ultraviolet (2006),Action|Fantasy|Sci-Fi|Thriller,2006,1.923076923,1,0,0,0,0,0,0,0,1,0,0,0,1,1
44022,438097,Ice Age 2: The Meltdown (2006),Adventure|Animation|Children|Comedy,2006,3.217391304,0,1,1,1,1,0,0,0,0,0,0,0,0,0
44191,434409,V for Vendetta (2006),Action|Sci-Fi|Thriller,2006,3.885,1,0,0,0,0,0,0,0,0,0,0,0,1,1
44195,427944,Thank You for Smoking (2006),Comedy|Drama,2006,4.027777778,0,0,0,0,1,0,0,1,0,0,0,0,0,0
44199,454848,Inside Man (2006),Crime|Drama|Thriller,2006,3.8,0,0,0,0,0,1,0,1,0,0,0,0,0,1
44555,405094,"Lives of Others, The (Das leben der Anderen) (2006)",Drama|Romance|Thriller,2006,4.117647059,0,0,0,0,0,0,0,1,0,0,0,1,0,1
44665,425210,Lucky Number Slevin (2006),Crime|Drama|Mystery,2006,3.855263158,0,0,0,0,0,1,0,1,0,0,1,0,0,0
44761,393109,Brick (2005),Crime|Drama|Mystery,2005,3.875,0,0,0,0,0,1,0,1,0,0,1,0,0,0
44840,437863,"Benchwarmers, The (2006)",Comedy,2006,2.772727273,0,0,0,0,1,0,0,0,0,0,0,0,0,0
44972,362120,Scary Movie 4 (2006),Comedy|Horror,2006,2.25,0,0,0,0,1,0,0,0,0,1,0,0,0,0
44974,424136,Hard Candy (2005),Drama|Thriller,2005,3.5,0,0,0,0,0,0,0,1,0,0,0,0,0,1
45081,384537,Silent Hill (2006),Fantasy|Horror|Thriller,2006,2.958333333,0,0,0,0,0,0,0,0,1,1,0,0,0,1
45186,317919,Mission: Impossible III (2006),Action|Adventure|Thriller,2006,3.589285714,1,1,0,0,0,0,0,0,0,0,0,0,0,1
45431,327084,Over the Hedge (2006),Adventure|Animation|Children|Comedy,2006,3.428571429,0,1,1,1,1,0,0,0,0,0,0,0,0,0
45447,382625,"Da Vinci Code, The (2006)",Drama|Mystery|Thriller,2006,3.12244898,0,0,0,0,0,0,0,1,0,0,1,0,0,1
45499,376994,X-Men: The Last Stand (2006),Action|Sci-Fi|Thriller,2006,3.355769231,1,0,0,0,0,0,0,0,0,0,0,0,1,1
45501,452594,"Break-Up, The (2006)",Comedy|Drama|Romance,2006,2.590909091,0,0,0,0,1,0,0,1,0,0,0,1,0,0
45517,317219,Cars (2006),Animation|Children|Comedy,2006,3.37804878,0,0,1,1,1,0,0,0,0,0,0,0,0,0
45666,457510,Nacho Libre (2006),Comedy,2006,2.464285714,0,0,0,0,1,0,0,0,0,0,0,0,0,0
45668,410297,"Lake House, The (2006)",Drama|Fantasy|Romance,2006,3.1,0,0,0,0,0,0,0,1,1,0,0,1,0,0
45672,389860,Click (2006),Adventure|Comedy|Drama|Fantasy|Romance,2006,2.97826087,0,1,0,0,1,0,0,1,1,0,0,1,0,0
45720,458352,"Devil Wears Prada, The (2006)",Comedy|Drama,2006,3.558823529,0,0,0,0,1,0,0,1,0,0,0,0,0,0
45722,383574,Pirates of the Caribbean: Dead Man's Chest (2006),Action|Adventure|Fantasy,2006,3.506944444,1,1,0,0,0,0,0,0,1,0,0,0,0,0
45728,424345,Clerks II (2006),Comedy,2006,3.884615385,0,0,0,0,1,0,0,0,0,0,0,0,0,0
45880,422720,Marie Antoinette (2006),Drama|Romance,2006,3.192307692,0,0,0,0,0,0,0,1,0,0,0,1,0,0
45950,497116,"Inconvenient Truth, An (2006)",Documentary,2006,3.576923077,0,0,0,0,0,0,1,0,0,0,0,0,0,0
46335,463985,"Fast and the Furious: Tokyo Drift, The (Fast and the Furious 3, The) (2006)",Action|Crime|Drama|Thriller,2006,2.090909091,1,0,0,0,0,1,0,1,0,0,0,0,0,1
46530,348150,Superman Returns (2006),Action|Adventure|Sci-Fi,2006,3.08,1,1,0,0,0,0,0,0,0,0,0,0,1,0
46578,449059,Little Miss Sunshine (2006),Adventure|Comedy|Drama,2006,3.883116883,0,1,0,0,1,0,0,1,0,0,0,0,0,0
46723,449467,Babel (2006),Drama|Thriller,2006,3.5,0,0,0,0,0,0,0,1,0,0,0,0,0,1
46965,417148,Snakes on a Plane (2006),Action|Comedy|Horror|Thriller,2006,2.642857143,1,0,0,0,1,0,0,0,0,1,0,0,0,1
46970,415306,Talladega Nights: The Ballad of Ricky Bobby (2006),Action|Comedy,2006,3.25,1,0,0,0,1,0,0,0,0,0,0,0,0,0
46972,477347,Night at the Museum (2006),Action|Comedy|Fantasy,2006,3.239130435,1,0,0,0,1,0,0,0,1,0,0,0,0,0
46976,420223,Stranger than Fiction (2006),Comedy|Drama|Fantasy|Romance,2006,3.693181818,0,0,0,0,1,0,0,1,1,0,0,1,0,0
47044,430357,Miami Vice (2006),Action|Crime|Drama|Thriller,2006,2.75,1,0,0,0,0,1,0,1,0,0,0,0,0,1
47099,454921,"Pursuit of Happyness, The (2006)",Drama,2006,3.793478261,0,0,0,0,0,0,0,1,0,0,0,0,0,0
47200,479884,Crank (2006),Action|Thriller,2006,3.428571429,1,0,0,0,0,0,0,0,0,0,0,0,0,1
47518,384793,Accepted (2006),Comedy,2006,2.928571429,0,0,0,0,1,0,0,0,0,0,0,0,0,0
47610,443543,"Illusionist, The (2006)",Drama|Fantasy|Mystery|Romance,2006,3.779069767,0,0,0,0,0,0,0,1,1,0,1,1,0,0
47629,436697,The Queen (2006),Drama,2006,3.730769231,0,0,0,0,0,0,0,1,0,0,0,0,0,0
47997,387808,Idiocracy (2006),Adventure|Comedy|Sci-Fi|Thriller,2006,3.722222222,0,1,0,0,1,0,0,0,0,0,0,0,1,1
48043,414993,"Fountain, The (2006)",Drama|Fantasy|Romance,2006,3.5,0,0,0,0,0,0,0,1,1,0,0,1,0,0
48082,354899,"Science of Sleep, The (La science des rÃªves) (2006)",Comedy|Drama|Fantasy|Romance,2006,3.863636364,0,0,0,0,1,0,0,1,1,0,0,1,0,0
48304,472043,Apocalypto (2006),Adventure|Drama|Thriller,2006,3.605263158,0,1,0,0,0,0,0,1,0,0,0,0,0,1
48385,443453,Borat: Cultural Learnings of America for Make Benefit Glorious Nation of Kazakhstan (2006),Comedy,2006,3.346153846,0,0,0,0,1,0,0,0,0,0,0,0,0,0
48394,457430,"Pan's Labyrinth (Laberinto del fauno, El) (2006)",Drama|Fantasy|Thriller,2006,3.814814815,0,0,0,0,0,0,0,1,1,0,0,0,0,1
48516,407887,"Departed, The (2006)",Crime|Drama|Thriller,2006,4.252336449,0,0,0,0,0,1,0,1,0,0,0,0,0,1
48738,455590,"Last King of Scotland, The (2006)",Drama|Thriller,2006,3.975,0,0,0,0,0,0,0,1,0,0,0,0,0,1
48774,206634,Children of Men (2006),Action|Adventure|Drama|Sci-Fi|Thriller,2006,3.9453125,1,1,0,0,0,0,0,1,0,0,0,0,1,1
48780,482571,"Prestige, The (2006)",Drama|Mystery|Sci-Fi|Thriller,2006,4.005555556,0,0,0,0,0,0,0,1,0,0,1,0,1,1
48783,418689,Flags of Our Fathers (2006),Drama,2006,3.454545455,0,0,0,0,0,0,0,1,0,0,0,0,0,0
48877,489270,Saw III (2006),Crime|Horror|Thriller,2006,3.045454545,0,0,0,0,0,1,0,0,0,1,0,0,0,1
49272,381061,Casino Royale (2006),Action|Adventure|Thriller,2006,3.944444444,1,1,0,0,0,0,0,0,0,0,0,0,0,1
49274,366548,Happy Feet (2006),Adventure|Animation|Children|Comedy,2006,2.681818182,0,1,1,1,1,0,0,0,0,0,0,0,0,0
49278,453467,DÃ©jÃ  Vu (Deja Vu) (2006),Action|Sci-Fi|Thriller,2006,3.3,1,0,0,0,0,0,0,0,0,0,0,0,1,1
49286,457939,"Holiday, The (2006)",Comedy|Romance,2006,3.208333333,0,0,0,0,1,0,0,0,0,0,0,1,0,0
49530,450259,Blood Diamond (2006),Action|Adventure|Crime|Drama|Thriller,2006,3.764150943,1,1,0,0,0,1,0,1,0,0,0,0,0,1
49649,449010,Eragon (2006),Action|Adventure|Fantasy,2006,2.333333333,1,1,0,0,0,0,0,0,1,0,0,0,0,0
49651,479143,Rocky Balboa (2006),Action|Drama,2006,3.321428571,1,0,0,0,0,0,0,1,0,0,0,0,0,0
50068,498380,Letters from Iwo Jima (2006),Drama,2006,3.705882353,0,0,0,0,0,0,0,1,0,0,0,0,0,0
50794,475394,Smokin' Aces (2006),Action|Crime|Drama|Thriller,2006,3.1,1,0,0,0,0,1,0,1,0,0,0,0,0,1
50872,382932,Ratatouille (2007),Animation|Children|Drama,2007,3.868055556,0,0,1,1,0,0,0,1,0,0,0,0,0,0
51077,259324,Ghost Rider (2007),Action|Fantasy|Thriller,2007,2.25,1,0,0,0,0,0,0,0,1,0,0,0,0,1
51084,758766,Music and Lyrics (2007),Comedy|Romance,2007,3.1,0,0,0,0,1,0,0,0,0,0,0,1,0,0
51086,481369,"Number 23, The (2007)",Drama|Mystery|Thriller,2007,2.928571429,0,0,0,0,0,0,0,1,0,0,1,0,0,1
51255,425112,Hot Fuzz (2007),Action|Comedy|Crime|Mystery,2007,4,1,0,0,0,1,1,0,0,0,0,1,0,0,0
51412,435705,Next (2007),Action|Sci-Fi|Thriller,2007,2.821428571,1,0,0,0,0,0,0,0,0,0,0,0,1,1
51540,443706,Zodiac (2007),Crime|Drama|Thriller,2007,3.710526316,0,0,0,0,0,1,0,1,0,0,0,0,0,1
51662,416449,300 (2007),Action|Fantasy,2007,3.68125,1,0,0,0,0,0,0,0,1,0,0,0,0,0
51935,822854,Shooter (2007),Action|Drama|Thriller,2007,3.86,1,0,0,0,0,0,0,1,0,0,0,0,0,1
52245,445934,Blades of Glory (2007),Comedy|Romance,2007,3.088235294,0,0,0,0,1,0,0,0,0,0,0,1,0,0
52281,462322,Grindhouse (2007),Action|Crime|Horror|Sci-Fi|Thriller,2007,3.425925926,1,0,0,0,0,1,0,0,0,1,0,0,1,1
52287,396555,Meet the Robinsons (2007),Action|Adventure|Animation|Children|Comedy|Sci-Fi,2007,3.545454545,1,1,1,1,1,0,0,0,0,0,0,0,1,0
52328,448134,Sunshine (2007),Adventure|Drama|Sci-Fi|Thriller,2007,3.642857143,0,1,0,0,0,0,0,1,0,0,0,0,1,1
52458,486822,Disturbia (2007),Drama|Thriller,2007,3.15,0,0,0,0,0,0,0,1,0,0,0,0,0,1
52604,488120,Fracture (2007),Crime|Drama|Mystery|Thriller,2007,3.666666667,0,0,0,0,0,1,0,1,0,0,1,0,0,1
52722,413300,Spider-Man 3 (2007),Action|Adventure|Sci-Fi|Thriller,2007,3,1,1,0,0,0,0,0,0,0,0,0,0,1,1
52973,478311,Knocked Up (2007),Comedy|Drama|Romance,2007,3.653846154,0,0,0,0,1,0,0,1,0,0,0,1,0,0
52975,427327,Hairspray (2007),Comedy|Drama,2007,3.5,0,0,0,0,1,0,0,1,0,0,0,0,0,0
53000,463854,28 Weeks Later (2007),Horror|Sci-Fi|Thriller,2007,3.595238095,0,0,0,0,0,0,0,0,0,1,0,0,1,1
53121,413267,Shrek the Third (2007),Adventure|Animation|Children|Comedy|Fantasy,2007,3.023809524,0,1,1,1,1,0,0,0,1,0,0,0,0,0
53125,449088,Pirates of the Caribbean: At World's End (2007),Action|Adventure|Comedy|Fantasy,2007,3.4375,1,1,0,0,1,0,0,0,1,0,0,0,0,0
53322,496806,Ocean's Thirteen (2007),Crime|Thriller,2007,3.484848485,0,0,0,0,0,1,0,0,0,0,0,0,0,1
53464,486576,Fantastic Four: Rise of the Silver Surfer (2007),Action|Adventure|Sci-Fi,2007,2.575,1,1,0,0,0,0,0,0,0,0,0,0,1,0
53519,1028528,Death Proof (2007),Action|Adventure|Crime|Horror|Thriller,2007,3.134615385,1,1,0,0,0,1,0,0,0,1,0,0,0,1
53894,386032,Sicko (2007),Documentary|Drama,2007,3.714285714,0,0,0,0,0,0,1,1,0,0,0,0,0,0
53953,450385,1408 (2007),Drama|Horror|Thriller,2007,3.16,0,0,0,0,0,0,0,1,0,1,0,0,0,1
53972,337978,Live Free or Die Hard (2007),Action|Adventure|Crime|Thriller,2007,3.40625,1,1,0,0,0,1,0,0,0,0,0,0,0,1
53993,413099,Evan Almighty (2007),Comedy|Fantasy,2007,2.538461538,0,0,0,0,1,0,0,0,1,0,0,0,0,0
53996,418279,Transformers (2007),Action|Sci-Fi|Thriller,2007,3.346153846,1,0,0,0,0,0,0,0,0,0,0,0,1,1
54001,373889,Harry Potter and the Order of the Phoenix (2007),Adventure|Drama|Fantasy,2007,3.862068966,0,1,0,0,0,0,0,1,1,0,0,0,0,0
54004,762107,I Now Pronounce You Chuck and Larry (2007),Comedy|Romance,2007,3.454545455,0,0,0,0,1,0,0,0,0,0,0,1,0,0
54190,445922,Across the Universe (2007),Drama|Fantasy|Romance,2007,4.045454545,0,0,0,0,0,0,0,1,1,0,0,1,0,0
54259,486655,Stardust (2007),Adventure|Comedy|Fantasy|Romance,2007,3.602941176,0,1,0,0,1,0,0,0,1,0,0,1,0,0
54272,462538,"Simpsons Movie, The (2007)",Animation|Comedy,2007,3.619565217,0,0,1,0,1,0,0,0,0,0,0,0,0,0
54286,440963,"Bourne Ultimatum, The (2007)",Action|Crime|Thriller,2007,3.697530864,1,0,0,0,0,1,0,0,0,0,0,0,0,1
54503,829482,Superbad (2007),Comedy,2007,3.863636364,0,0,0,0,1,0,0,0,0,0,0,0,0,0
54881,923752,"King of Kong, The (2007)",Documentary,2007,3.916666667,0,0,0,0,0,0,1,0,0,0,0,0,0,0
54995,1077258,Planet Terror (2007),Action|Horror|Sci-Fi,2007,3.795454545,1,0,0,0,0,0,0,0,0,1,0,0,1,0
54997,381849,3:10 to Yuma (2007),Action|Crime|Drama,2007,4.06,1,0,0,0,0,1,0,1,0,0,0,0,0,0
54999,465602,Shoot 'Em Up (2007),Action|Comedy|Crime,2007,3.458333333,1,0,0,0,1,1,0,0,0,0,0,0,0,0
55052,783233,Atonement (2007),Drama|Romance,2007,3.538461538,0,0,0,0,0,0,0,1,0,0,0,1,0,0
55118,765443,Eastern Promises (2007),Crime|Drama|Thriller,2007,4.026315789,0,0,0,0,0,1,0,1,0,0,0,0,0,1
55232,432021,Resident Evil: Extinction (2007),Action|Horror|Sci-Fi|Thriller,2007,2.95,1,0,0,0,0,0,0,0,0,1,0,0,1,1
55247,758758,Into the Wild (2007),Action|Adventure|Drama,2007,3.902439024,1,1,0,0,0,0,0,1,0,0,0,0,0,0
55269,838221,"Darjeeling Limited, The (2007)",Adventure|Comedy|Drama,2007,3.428571429,0,1,0,0,1,0,0,1,0,0,0,0,0,0
55276,465538,Michael Clayton (2007),Drama|Thriller,2007,3.911764706,0,0,0,0,0,0,0,1,0,0,0,0,0,1
55282,389722,30 Days of Night (2007),Horror|Thriller,2007,3.181818182,0,0,0,0,0,0,0,0,0,1,0,0,0,1
55290,452623,Gone Baby Gone (2007),Crime|Drama|Mystery,2007,3.45,0,0,0,0,0,1,0,1,0,0,1,0,0,0
55363,443680,"Assassination of Jesse James by the Coward Robert Ford, The (2007)",Crime|Drama,2007,4.1,0,0,0,0,0,1,0,1,0,0,0,0,0,0
55442,808417,Persepolis (2007),Animation|Drama,2007,4.181818182,0,0,1,0,0,0,0,1,0,0,0,0,0,0
55721,861739,Elite Squad (Tropa de Elite) (2007),Action|Crime|Drama|Thriller,2007,4.3,1,0,0,0,0,1,0,1,0,0,0,0,0,1
55765,765429,American Gangster (2007),Crime|Drama|Thriller,2007,3.905405405,0,0,0,0,0,1,0,1,0,0,0,0,0,1
55768,389790,Bee Movie (2007),Animation|Comedy,2007,3.15,0,0,1,0,1,0,0,0,0,0,0,0,0,0
55820,477348,No Country for Old Men (2007),Crime|Drama,2007,3.8984375,0,0,0,0,0,1,0,1,0,0,0,0,0,0
55830,799934,Be Kind Rewind (2008),Comedy,2008,3.4,0,0,0,0,1,0,0,0,0,0,0,0,0,0
56145,884328,"Mist, The (2007)",Horror|Sci-Fi,2007,3.428571429,0,0,0,0,0,0,0,0,0,1,0,0,1,0
56152,461770,Enchanted (2007),Adventure|Animation|Children|Comedy|Fantasy|Romance,2007,3.676470588,0,1,1,1,1,0,0,0,1,0,0,1,0,0
56171,385752,"Golden Compass, The (2007)",Adventure|Children|Fantasy,2007,3.111111111,0,1,0,1,0,0,0,0,1,0,0,0,0,0
56174,480249,I Am Legend (2007),Action|Horror|Sci-Fi|Thriller,2007,3.483870968,1,0,0,0,0,0,0,0,0,1,0,0,1,1
56251,471711,Futurama: Bender's Big Score (2007),Animation|Comedy|Sci-Fi,2007,3.9,0,0,1,0,1,0,0,0,0,0,0,0,1,0
56367,467406,Juno (2007),Comedy|Drama|Romance,2007,3.769230769,0,0,0,0,1,0,0,1,0,0,0,1,0,0
56587,825232,"Bucket List, The (2007)",Comedy|Drama,2007,3.230769231,0,0,0,0,1,0,0,1,0,0,0,0,0,0
56757,408236,Sweeney Todd: The Demon Barber of Fleet Street (2007),Drama|Horror|Thriller,2007,3.716666667,0,0,0,0,0,0,0,1,0,1,0,0,0,1
56775,465234,National Treasure: Book of Secrets (2007),Action|Adventure,2007,3.041666667,1,1,0,0,0,0,0,0,0,0,0,0,0,0
56782,469494,There Will Be Blood (2007),Drama,2007,4.142857143,0,0,0,0,0,0,0,1,0,0,0,0,0,0
56941,431308,P.S. I Love You (2007),Comedy|Drama|Romance,2007,3.090909091,0,0,0,0,1,0,0,1,0,0,0,1,0,0
56949,988595,27 Dresses (2008),Comedy|Romance,2008,3.3,0,0,0,0,1,0,0,0,0,0,0,1,0,0
57368,1060277,Cloverfield (2008),Action|Mystery|Sci-Fi|Thriller,2008,3.351851852,1,0,0,0,0,0,0,0,0,0,1,0,1,1
57504,808506,"Girl Who Leapt Through Time, The (Toki o kakeru shÃ´jo) (2006)",Animation|Comedy|Drama|Romance|Sci-Fi,2006,4.1,0,0,1,0,1,0,0,1,0,0,0,1,1,0
57640,411477,Hellboy II: The Golden Army (2008),Action|Adventure|Fantasy|Sci-Fi,2008,3.805555556,1,1,0,0,0,0,0,0,1,0,0,0,1,0
57669,780536,In Bruges (2008),Comedy|Crime|Drama|Thriller,2008,4.158536585,0,0,0,0,1,1,0,1,0,0,0,0,0,1
58025,489099,Jumper (2008),Action|Adventure|Drama|Sci-Fi|Thriller,2008,3,1,1,0,0,0,0,0,1,0,0,0,0,1,1
58047,832266,"Definitely, Maybe (2008)",Comedy|Drama|Romance,2008,3.428571429,0,0,0,0,1,0,0,1,0,0,0,1,0,0
58156,839980,Semi-Pro (2008),Comedy,2008,2.9,0,0,0,0,1,0,0,0,0,0,0,0,0,0
58293,443649,"10,000 BC (2008)",Adventure|Romance|Thriller,2008,2.705882353,0,1,0,0,0,0,0,0,0,0,0,1,0,1
58295,200465,"Bank Job, The (2008)",Action|Crime|Thriller,2008,3.615384615,1,0,0,0,0,1,0,0,0,0,0,0,0,1
58559,468569,"Dark Knight, The (2008)",Action|Crime|Drama,2008,4.238255034,1,0,0,0,0,1,0,1,0,0,0,0,0,0
58803,478087,21 (2008),Crime|Drama|Romance|Thriller,2008,3.75,0,0,0,0,0,1,0,1,0,0,0,1,0,1
58998,800039,Forgetting Sarah Marshall (2008),Comedy|Romance,2008,3.769230769,0,0,0,0,1,0,0,0,0,0,0,1,0,0
59022,481536,Harold & Kumar Escape from Guantanamo Bay (2008),Adventure|Comedy,2008,3.307692308,0,1,0,0,1,0,0,0,0,0,0,0,0,0
59258,871426,Baby Mama (2008),Comedy,2008,3.136363636,0,0,0,0,1,0,0,0,0,0,0,0,0,0
59315,371746,Iron Man (2008),Action|Adventure|Sci-Fi,2008,3.824468085,1,1,0,0,0,0,0,0,0,0,0,0,1,0
59369,936501,Taken (2008),Action|Crime|Drama|Thriller,2008,3.619047619,1,0,0,0,0,1,0,1,0,0,0,0,0,1
59387,460791,"Fall, The (2006)",Adventure|Drama|Fantasy,2006,3.954545455,0,1,0,0,0,0,0,1,1,0,0,0,0,0
59501,499448,"Chronicles of Narnia: Prince Caspian, The (2008)",Adventure|Children|Fantasy,2008,3.541666667,0,1,0,1,0,0,0,0,1,0,0,0,0,0
59615,367882,Indiana Jones and the Kingdom of the Crystal Skull (2008),Action|Adventure|Comedy|Sci-Fi,2008,2.833333333,1,1,0,0,1,0,0,0,0,0,0,0,1,0
59725,1000774,Sex and the City (2008),Comedy|Romance,2008,2.409090909,0,0,0,0,1,0,0,0,0,0,0,1,0,0
59784,441773,Kung Fu Panda (2008),Action|Animation|Children|Comedy,2008,3.444444444,1,0,1,1,1,0,0,0,0,0,0,0,0,0
59900,960144,You Don't Mess with the Zohan (2008),Comedy,2008,2.866666667,0,0,0,0,1,0,0,0,0,0,0,0,0,0
60040,800080,"Incredible Hulk, The (2008)",Action|Sci-Fi,2008,3.171428571,1,0,0,0,0,0,0,0,0,0,0,0,1,0
60069,910970,WALLÂ·E (2008),Adventure|Animation|Children|Romance|Sci-Fi,2008,4.057692308,0,1,1,1,0,0,0,0,0,0,0,1,1,0
60072,493464,Wanted (2008),Action|Thriller,2008,3.159090909,1,0,0,0,0,0,0,0,0,0,0,0,0,1
60074,448157,Hancock (2008),Action|Adventure|Comedy|Crime|Fantasy,2008,3.034482759,1,1,0,0,1,1,0,0,1,0,0,0,0,0
60126,425061,Get Smart (2008),Action|Comedy,2008,3.46875,1,0,0,0,1,0,0,0,0,0,0,0,0,0
60397,795421,Mamma Mia! (2008),Comedy|Romance,2008,2.964285714,0,0,0,0,1,0,0,0,0,0,0,1,0,0
60684,409459,Watchmen (2009),Action|Drama|Mystery|Sci-Fi|Thriller,2009,3.988372093,1,0,0,0,0,0,0,1,0,0,1,0,1,1
60756,838283,Step Brothers (2008),Comedy,2008,3.553571429,0,0,0,0,1,0,0,0,0,0,0,0,0,0
60950,497465,Vicky Cristina Barcelona (2008),Comedy|Drama|Romance,2008,3.09375,0,0,0,0,1,0,0,1,0,0,0,1,0,0
61024,910936,Pineapple Express (2008),Action|Comedy|Crime,2008,3.677419355,1,0,0,0,1,1,0,0,0,0,0,0,0,0
61132,942385,Tropic Thunder (2008),Action|Adventure|Comedy,2008,3.5,1,1,0,0,1,0,0,0,0,0,0,0,0,0
61240,1139797,Let the Right One In (LÃ¥t den rÃ¤tte komma in) (2008),Drama|Fantasy|Horror|Romance,2008,3.911764706,0,0,0,0,0,0,0,1,1,1,0,1,0,0
61323,887883,Burn After Reading (2008),Comedy|Crime|Drama,2008,3.487179487,0,0,0,0,1,1,0,1,0,0,0,0,0,0
62155,981227,Nick and Norah's Infinite Playlist (2008),Comedy|Drama|Romance,2008,3.35,0,0,0,0,1,0,0,1,0,0,0,1,0,0
62374,758774,Body of Lies (2008),Action|Drama|Thriller,2008,3.772727273,1,0,0,0,0,0,0,1,0,0,0,0,0,1
62849,1032755,RocknRolla (2008),Action|Crime,2008,3.769230769,1,0,0,0,0,1,0,0,0,0,0,0,0,0
62999,479952,Madagascar: Escape 2 Africa (2008),Action|Adventure|Animation|Children|Comedy,2008,3.692307692,1,1,1,1,1,0,0,0,0,0,0,0,0,0
63082,1010048,Slumdog Millionaire (2008),Crime|Drama|Romance,2008,3.809859155,0,0,0,0,0,1,0,1,0,0,0,1,0,0
63113,830515,Quantum of Solace (2008),Action|Adventure|Thriller,2008,3.457142857,1,1,0,0,0,0,0,0,0,0,0,0,0,1
63131,430922,Role Models (2008),Comedy,2008,3.625,0,0,0,0,1,0,0,0,0,0,0,0,0,0
63859,397892,Bolt (2008),Action|Adventure|Animation|Children|Comedy,2008,3.388888889,1,1,1,1,1,0,0,0,0,0,0,0,0,0
63876,1013753,Milk (2008),Drama,2008,3.545454545,0,0,0,0,0,0,0,1,0,0,0,0,0,0
63992,1099212,Twilight (2008),Drama|Fantasy|Romance|Thriller,2008,2.409090909,0,0,0,0,0,0,0,1,1,0,0,1,0,1
64614,1205489,Gran Torino (2008),Crime|Drama,2008,3.945652174,0,0,0,0,0,1,0,1,0,0,0,0,0,0
64716,814314,Seven Pounds (2008),Drama,2008,4.136363636,0,0,0,0,0,0,0,1,0,0,0,0,0,0
64839,1125849,"Wrestler, The (2008)",Drama,2008,3.735294118,0,0,0,0,0,0,0,1,0,0,0,0,0,0
64957,421715,"Curious Case of Benjamin Button, The (2008)",Drama|Fantasy|Mystery|Romance,2008,3.594594595,0,0,0,0,0,0,0,1,1,0,1,1,0,0
64969,1068680,Yes Man (2008),Comedy,2008,3.617647059,0,0,0,0,1,0,0,0,0,0,0,0,0,0
64983,985699,Valkyrie (2008),Drama|Thriller,2008,3.409090909,0,0,0,0,0,0,0,1,0,0,0,0,0,1
65088,960731,Bedtime Stories (2008),Adventure|Children|Comedy,2008,3.363636364,0,1,0,1,1,0,0,0,0,0,0,0,0,0
65230,822832,Marley & Me (2008),Comedy|Drama,2008,3.142857143,0,0,0,0,1,0,0,1,0,0,0,0,0,0
65261,876563,Ponyo (Gake no ue no Ponyo) (2008),Adventure|Animation|Children|Fantasy,2008,4,0,1,1,1,0,0,0,0,1,0,0,0,0,0
65514,1220719,Ip Man (2008),Action|Drama,2008,3.95,1,0,0,0,0,0,0,1,0,0,0,0,0,0
66097,327597,Coraline (2009),Animation|Fantasy|Thriller,2009,3.7,0,0,1,0,0,0,0,0,1,0,0,0,0,1
66203,1001508,He's Just Not That Into You (2009),Comedy|Drama|Romance,2009,2.818181818,0,0,0,0,1,0,0,1,0,0,0,1,0,0
66934,1227926,Dr. Horrible's Sing-Along Blog (2008),Comedy|Drama|Sci-Fi,2008,3.916666667,0,0,0,0,1,0,0,1,0,0,0,0,1,0
67087,1155056,"I Love You, Man (2009)",Comedy,2009,3.529411765,0,0,0,0,1,0,0,0,0,0,0,0,0,0
67255,1132620,"Girl with the Dragon Tattoo, The (MÃ¤n som hatar kvinnor) (2009)",Crime|Drama|Mystery|Thriller,2009,3.94,0,0,0,0,0,1,0,1,0,0,1,0,0,1
67734,1091722,Adventureland (2009),Comedy|Drama,2009,3.333333333,0,0,0,0,1,0,0,1,0,0,0,0,0,0
67923,1013752,"Fast & Furious (Fast and the Furious 4, The) (2009)",Action|Crime|Drama|Thriller,2009,3.25,1,0,0,0,0,1,0,1,0,0,0,0,0,1
68135,974661,17 Again (2009),Comedy|Drama,2009,3.55,0,0,0,0,1,0,0,1,0,0,0,0,0,0
68157,361748,Inglourious Basterds (2009),Action|Drama,2009,4.136363636,1,0,0,0,0,0,0,1,0,0,0,0,0,0
68237,1182345,Moon (2009),Drama|Mystery|Sci-Fi|Thriller,2009,3.96875,0,0,0,0,0,0,0,1,0,0,1,0,1,1
68319,458525,X-Men Origins: Wolverine (2009),Action|Sci-Fi|Thriller,2009,2.865384615,1,0,0,0,0,0,0,0,0,0,0,0,1,1
68358,796366,Star Trek (2009),Action|Adventure|Sci-Fi,2009,3.86440678,1,1,0,0,0,0,0,0,0,0,0,0,1,0
68554,808151,Angels & Demons (2009),Crime|Drama|Mystery|Thriller,2009,3.264705882,0,0,0,0,0,1,0,1,0,0,1,0,0,1
68791,438488,Terminator Salvation (2009),Action|Adventure|Sci-Fi|Thriller,2009,3.25,1,1,0,0,0,0,0,0,0,0,0,0,1,1
68793,1078912,Night at the Museum: Battle of the Smithsonian (2009),Action|Comedy,2009,3.1,1,0,0,0,1,0,0,0,0,0,0,0,0,0
68954,1049413,Up (2009),Adventure|Animation|Children|Drama,2009,4.004761905,0,1,1,1,0,0,0,1,0,0,0,0,0,0
69122,1119646,"Hangover, The (2009)",Comedy|Crime,2009,3.631578947,0,0,0,0,1,1,0,0,0,0,0,0,0,0
69406,1041829,"Proposal, The (2009)",Comedy|Romance,2009,3.5,0,0,0,0,1,0,0,0,0,0,0,1,0,0
69481,887912,"Hurt Locker, The (2008)",Action|Drama|Thriller,2008,4.058823529,1,0,0,0,0,0,0,1,0,0,0,0,0,1
69526,1055369,Transformers: Revenge of the Fallen (2009),Action|Adventure|Sci-Fi,2009,2.425,1,1,0,0,0,0,0,0,0,0,0,0,1,0
69644,1080016,Ice Age: Dawn of the Dinosaurs (2009),Action|Adventure|Animation|Children|Comedy|Romance,2009,2.607142857,1,1,1,1,1,0,0,0,0,0,0,1,0,0
69757,1022603,(500) Days of Summer (2009),Comedy|Drama|Romance,2009,3.666666667,0,0,0,0,1,0,0,1,0,0,0,1,0,0
69784,889583,BrÃ¼no (Bruno) (2009),Comedy,2009,3.65,0,0,0,0,1,0,0,0,0,0,0,0,0,0
69844,417741,Harry Potter and the Half-Blood Prince (2009),Adventure|Fantasy|Mystery|Romance,2009,3.887931034,0,1,0,0,0,0,0,0,1,0,1,1,0,0
69951,1054606,"Imaginarium of Doctor Parnassus, The (2009)",Drama|Fantasy,2009,3.8125,0,0,0,0,0,0,0,1,1,0,0,0,0,0
70183,1142988,"Ugly Truth, The (2009)",Comedy|Drama|Romance,2009,3.666666667,0,0,0,0,1,0,0,1,0,0,0,1,0,0
70286,1136608,District 9 (2009),Mystery|Sci-Fi|Thriller,2009,3.776923077,0,0,0,0,0,0,0,0,0,0,1,0,1,1
70293,1135503,Julie & Julia (2009),Comedy|Drama|Romance,2009,2.958333333,0,0,0,0,1,0,0,1,0,0,0,1,0,0
71057,472033,9 (2009),Adventure|Animation|Sci-Fi,2009,3.642857143,0,1,1,0,0,0,0,0,0,0,0,0,1,0
71264,844471,Cloudy with a Chance of Meatballs (2009),Animation|Children|Fantasy,2009,3.529411765,0,0,1,1,0,0,0,0,1,0,0,0,0,0
71464,1019452,"Serious Man, A (2009)",Comedy|Drama,2009,3.227272727,0,0,0,0,1,0,0,1,0,0,0,0,0,0
71530,986263,Surrogates (2009),Action|Sci-Fi|Thriller,2009,3.035714286,1,0,0,0,0,0,0,0,0,0,0,0,1,1
71535,1156398,Zombieland (2009),Action|Comedy|Horror,2009,3.877358491,1,0,0,0,1,0,0,0,0,1,0,0,0,0
71745,386117,Where the Wild Things Are (2009),Adventure|Children|Drama|Fantasy,2009,2.666666667,0,1,0,1,0,0,0,1,1,0,0,0,0,0
71899,978762,Mary and Max (2009),Animation|Comedy|Drama,2009,4.2,0,0,1,0,1,0,0,1,0,0,0,0,0,0
72011,1193138,Up in the Air (2009),Drama|Romance,2009,3.71875,0,0,0,0,0,0,0,1,0,0,0,1,0,0
72226,432283,Fantastic Mr. Fox (2009),Adventure|Animation|Children|Comedy|Crime,2009,4.083333333,0,1,1,1,1,1,0,0,0,0,0,0,0,0
72378,1190080,2012 (2009),Action|Drama|Sci-Fi|Thriller,2009,2.619047619,1,0,0,0,0,0,0,1,0,0,0,0,1,1
72641,878804,"Blind Side, The  (2009)",Drama,2009,3.677419355,0,0,0,0,0,0,0,1,0,0,0,0,0,0
72737,780521,"Princess and the Frog, The (2009)",Animation|Children|Fantasy|Romance,2009,3.75,0,0,1,1,0,0,0,0,1,0,0,1,0,0
72998,499549,Avatar (2009),Action|Adventure|Sci-Fi,2009,3.603092784,1,1,0,0,0,0,0,0,0,0,0,0,1,0
73017,988045,Sherlock Holmes (2009),Action|Crime|Mystery|Thriller,2009,3.853448276,1,0,0,0,0,1,0,0,0,0,1,0,0,1
73321,1037705,"Book of Eli, The (2010)",Action|Adventure|Drama,2010,3.28125,1,1,0,0,0,0,0,1,0,0,0,0,0,0
74458,1130884,Shutter Island (2010),Drama|Mystery|Thriller,2010,4.02238806,0,0,0,0,0,0,0,1,0,0,1,0,0,1
74789,1014759,Alice in Wonderland (2010),Adventure|Fantasy,2010,2.875,0,1,0,0,0,0,0,0,1,0,0,0,0,0
76077,1231587,Hot Tub Time Machine (2010),Comedy|Sci-Fi,2010,3.3,0,0,0,0,1,0,0,0,0,0,0,0,1,0
76093,892769,How to Train Your Dragon (2010),Adventure|Animation|Children|Fantasy,2010,3.943396226,0,1,1,1,0,0,0,0,1,0,0,0,0,0
76175,800320,Clash of the Titans (2010),Action|Adventure|Drama|Fantasy,2010,2.307692308,1,1,0,0,0,0,0,1,1,0,0,0,0,0
76251,1250777,Kick-Ass (2010),Action|Comedy,2010,3.651162791,1,0,0,0,1,0,0,0,0,0,0,0,0,0
76293,1279935,Date Night (2010),Action|Comedy|Romance,2010,3.318181818,1,0,0,0,1,0,0,0,0,0,0,1,0,0
77455,1587707,Exit Through the Gift Shop (2010),Comedy|Documentary,2010,4.038461538,0,0,0,0,1,0,1,0,0,0,0,0,0,0
77561,1228705,Iron Man 2 (2010),Action|Adventure|Sci-Fi|Thriller,2010,3.510638298,1,1,0,0,0,0,0,0,0,0,0,0,1,1
78105,473075,Prince of Persia: The Sands of Time (2010),Action|Adventure|Fantasy|Romance,2010,2.884615385,1,1,0,0,0,0,0,0,1,0,0,1,0,0
78209,1226229,Get Him to the Greek (2010),Comedy,2010,3.55,0,0,0,0,1,0,0,0,0,0,0,0,0,0
78469,429493,"A-Team, The (2010)",Action|Comedy|Thriller,2010,3.147058824,1,0,0,0,1,0,0,0,0,0,0,0,0,1
78499,435761,Toy Story 3 (2010),Adventure|Animation|Children|Comedy|Fantasy,2010,4.109090909,0,1,1,1,1,0,0,0,1,0,0,0,0,0
78772,1325004,"Twilight Saga: Eclipse, The (2010)",Fantasy|Romance|Thriller,2010,2.45,0,0,0,0,0,0,0,0,1,0,0,1,0,1
79057,1424381,Predators (2010),Action|Sci-Fi|Thriller,2010,3.3,1,0,0,0,0,0,0,0,0,0,0,0,1,1
79091,1323594,Despicable Me (2010),Animation|Children|Comedy|Crime,2010,3.684210526,0,0,1,1,1,1,0,0,0,0,0,0,0,0
79132,1375666,Inception (2010),Action|Crime|Drama|Mystery|Sci-Fi|Thriller,2010,4.066433566,1,0,0,0,0,1,0,1,0,0,1,0,1,1
79134,1375670,Grown Ups (2010),Comedy,2010,3.45,0,0,0,0,1,0,0,0,0,0,0,0,0,0
79139,963966,"Sorcerer's Apprentice, The (2010)",Action|Adventure|Children|Comedy|Fantasy,2010,3.45,1,1,0,1,1,0,0,0,1,0,0,0,0,0
79293,944835,Salt (2010),Action|Thriller,2010,2.966666667,1,0,0,0,0,0,0,0,0,0,0,0,0,1
79592,1386588,"Other Guys, The (2010)",Action|Comedy,2010,3.261904762,1,0,0,0,1,0,0,0,0,0,0,0,0,0
79695,1320253,"Expendables, The (2010)",Action|Adventure|Thriller,2010,3.058823529,1,1,0,0,0,0,0,0,0,0,0,0,0,1
79702,446029,Scott Pilgrim vs. the World (2010),Action|Comedy|Fantasy|Romance,2010,3.704545455,1,0,0,0,1,0,0,0,1,0,0,1,0,0
80219,985694,Machete (2010),Action|Adventure|Comedy|Crime|Thriller,2010,3.25,1,1,0,0,1,1,0,0,0,0,0,0,0,1
80463,1285016,"Social Network, The (2010)",Drama,2010,3.885964912,0,0,0,0,0,0,0,1,0,0,0,0,0,0
80489,840361,"Town, The (2010)",Crime|Drama|Thriller,2010,3.954545455,0,0,0,0,0,1,0,1,0,0,0,0,0,1
80549,1282140,Easy A (2010),Comedy|Romance,2010,3.796296296,0,0,0,0,1,0,0,0,0,0,0,1,0,0
80906,1645089,Inside Job (2010),Documentary,2010,4.291666667,0,0,0,0,0,0,1,0,0,0,0,0,0,0
81229,1245526,Red (2010),Action|Comedy,2010,3.5,1,0,0,0,1,0,0,0,0,0,0,0,0,0
81537,1231583,Due Date (2010),Comedy,2010,3.1,0,0,0,0,1,0,0,0,0,0,0,0,0,0
81562,1542344,127 Hours (2010),Adventure|Drama|Thriller,2010,3.833333333,0,1,0,0,0,0,0,1,0,0,0,0,0,1
81564,1001526,Megamind (2010),Action|Animation|Children|Comedy|Sci-Fi,2010,3.6,1,0,1,1,1,0,0,0,0,0,0,0,1,0
81591,947798,Black Swan (2010),Drama|Thriller,2010,3.630952381,0,0,0,0,0,0,0,1,0,0,0,0,0,1
81834,926084,Harry Potter and the Deathly Hallows: Part 1 (2010),Action|Adventure|Fantasy,2010,3.989361702,1,1,0,0,0,0,0,0,1,0,0,0,0,0
81845,1504320,"King's Speech, The (2010)",Drama,2010,4.043103448,0,0,0,0,0,0,0,1,0,0,0,0,0,0
81847,398286,Tangled (2010),Animation|Children|Comedy|Fantasy|Romance,2010,3.916666667,0,0,1,1,1,0,0,0,1,0,0,1,0,0
81932,964517,"Fighter, The (2010)",Drama,2010,3.760869565,0,0,0,0,0,0,0,1,0,0,0,0,0,0
82461,1104001,Tron: Legacy (2010),Action|Adventure|Sci-Fi,2010,3.236842105,1,1,0,0,0,0,0,0,0,0,0,0,1,0
83134,1465522,Tucker & Dale vs Evil (2010),Comedy|Horror,2010,3.916666667,0,0,0,0,1,0,0,0,0,1,0,0,0,0
83349,990407,"Green Hornet, The (2011)",Action|Comedy|Crime|Fantasy|Thriller,2011,3,1,0,0,0,1,1,0,0,1,0,0,0,0,1
84152,1219289,Limitless (2011),Sci-Fi|Thriller,2011,3.95,0,0,0,0,0,0,0,0,0,0,0,0,1,1
84374,1411238,No Strings Attached (2011),Comedy|Romance,2011,2.928571429,0,0,0,0,1,0,0,0,0,0,0,1,0,0
84392,1189340,"Lincoln Lawyer, The (2011)",Crime|Drama|Thriller,2011,3.6,0,0,0,0,0,1,0,1,0,0,0,0,0,1
84772,1092026,Paul (2011),Adventure|Comedy|Sci-Fi,2011,3.2,0,1,0,0,1,0,0,0,0,0,0,0,1,0
84944,1192628,Rango (2011),Action|Adventure|Animation|Children|Comedy,2011,3.617647059,1,1,1,1,1,0,0,0,0,0,0,0,0,0
84954,1385826,"Adjustment Bureau, The (2011)",Romance|Sci-Fi|Thriller,2011,3.166666667,0,0,0,0,0,0,0,0,0,0,0,1,1,1
85414,945513,Source Code (2011),Action|Drama|Mystery|Sci-Fi|Thriller,2011,3.602941176,1,0,0,0,0,0,0,1,0,0,1,0,1,1
85510,978764,Sucker Punch (2011),Action|Fantasy|Thriller,2011,3.125,1,0,0,0,0,0,0,0,1,0,0,0,0,1
86190,993842,Hanna (2011),Action|Adventure|Mystery|Thriller,2011,3.318181818,1,1,0,0,0,0,0,0,0,0,1,0,0,1
86332,800369,Thor (2011),Action|Adventure|Drama|Fantasy,2011,3.514705882,1,1,0,0,0,0,0,1,1,0,0,0,0,0
86644,1596343,"Fast Five (Fast and the Furious 5, The) (2011)",Action|Crime|Drama|Thriller,2011,3.05,1,0,0,0,0,1,0,1,0,0,0,0,0,1
86833,1478338,Bridesmaids (2011),Comedy,2011,3.761904762,0,0,0,0,1,0,0,0,0,0,0,0,0,0
86880,1298650,Pirates of the Caribbean: On Stranger Tides (2011),Action|Adventure|Fantasy,2011,3.229166667,1,1,0,0,0,0,0,0,1,0,0,0,0,0
86882,1605783,Midnight in Paris (2011),Comedy|Fantasy|Romance,2011,3.56,0,0,0,0,1,0,0,0,1,0,0,1,0,0
86911,1411697,"Hangover Part II, The (2011)",Comedy,2011,3.266666667,0,0,0,0,1,0,0,0,0,0,0,0,0,0
87222,1302011,Kung Fu Panda 2 (2011),Action|Adventure|Animation|Children|Comedy,2011,3.323529412,1,1,1,1,1,0,0,0,0,0,0,0,0,0
87232,1270798,X-Men: First Class (2011),Action|Adventure|Sci-Fi|Thriller,2011,3.790697674,1,1,0,0,0,0,0,0,0,0,0,0,1,1
87306,1650062,Super 8 (2011),Mystery|Sci-Fi|Thriller,2011,3.595238095,0,0,0,0,0,0,0,0,0,0,1,0,1,1
87430,1133985,Green Lantern (2011),Action|Adventure|Sci-Fi,2011,2.35,1,1,0,0,0,0,0,0,0,0,0,0,1,0
87520,1399103,Transformers: Dark of the Moon (2011),Action|Adventure|Sci-Fi,2011,2.363636364,1,1,0,0,0,0,0,0,0,0,0,0,1,0
87869,1499658,Horrible Bosses (2011),Comedy|Crime,2011,3.4375,0,0,0,0,1,1,0,0,0,0,0,0,0,0
88125,1201607,Harry Potter and the Deathly Hallows: Part 2 (2011),Action|Adventure|Drama|Fantasy|Mystery,2011,3.91,1,1,0,0,0,0,0,1,1,0,1,0,0,0
88129,780504,Drive (2011),Crime|Drama|Thriller,2011,3.765625,0,0,0,0,0,1,0,1,0,0,0,0,0,1
88140,458339,Captain America: The First Avenger (2011),Action|Adventure|Sci-Fi|Thriller,2011,3.546875,1,1,0,0,0,0,0,0,0,0,0,0,1,1
88163,1570728,"Crazy, Stupid, Love. (2011)",Comedy|Drama|Romance,2011,3.983870968,0,0,0,0,1,0,0,1,0,0,0,1,0,0
88405,1632708,Friends with Benefits (2011),Comedy|Romance,2011,3.05,0,0,0,0,1,0,0,0,0,0,0,1,0,0
88744,1318514,Rise of the Planet of the Apes (2011),Action|Drama|Sci-Fi|Thriller,2011,3.462962963,1,0,0,0,0,0,0,1,0,0,0,0,1,1
88785,1488555,"Change-Up, The (2011)",Comedy,2011,2.85,0,0,0,0,1,0,0,0,0,0,0,0,0,0
88810,1454029,"Help, The (2011)",Drama,2011,3.833333333,0,0,0,0,0,0,0,1,0,0,0,0,0,0
89470,1598778,Contagion (2011),Sci-Fi|Thriller,2011,3.708333333,0,0,0,0,0,0,0,0,0,0,0,0,1,1
89492,1210166,Moneyball (2011),Drama,2011,3.884615385,0,0,0,0,0,0,0,1,0,0,0,0,0,0
89745,848228,"Avengers, The (2012)",Action|Adventure|Sci-Fi,2012,3.869565217,1,1,0,0,0,0,0,0,0,0,0,0,1,0
89774,1291584,Warrior (2011),Drama,2011,3.727272727,0,0,0,0,0,0,0,1,0,0,0,0,0,0
89864,1306980,50/50 (2011),Comedy|Drama,2011,3.631578947,0,0,0,0,1,0,0,1,0,0,0,0,0,0
89904,1655442,The Artist (2011),Comedy|Drama|Romance,2011,4.045454545,0,0,0,0,1,0,0,1,0,0,0,1,0,0
90405,1637688,In Time (2011),Crime|Sci-Fi|Thriller,2011,3.392857143,0,0,0,0,0,1,0,0,0,0,0,0,1,1
90746,983193,"Adventures of Tintin, The (2011)",Action|Animation|Mystery,2011,3.5,1,0,1,0,0,0,0,0,0,0,1,0,0,0
90866,970179,Hugo (2011),Children|Drama|Mystery,2011,3.75,0,0,0,1,0,0,0,1,0,0,1,0,0,0
91077,1033575,"Descendants, The (2011)",Comedy|Drama,2011,4,0,0,0,0,1,0,0,1,0,0,0,0,0,0
91094,1204342,"Muppets, The (2011)",Children|Comedy,2011,2.6,0,0,0,1,1,0,0,0,0,0,0,0,0,0
91485,1764651,"Expendables 2, The (2012)",Action|Adventure,2012,3.5,1,1,0,0,0,0,0,0,0,0,0,0,0,0
91500,1392170,The Hunger Games (2012),Action|Adventure|Drama|Sci-Fi|Thriller,2012,3.435185185,1,1,0,0,0,0,0,1,0,0,0,0,1,1
91529,1345836,"Dark Knight Rises, The (2012)",Action|Adventure|Crime,2012,3.993421053,1,1,0,0,0,1,0,0,0,0,0,0,0,0
91535,1194173,"Bourne Legacy, The (2012)",Action|Adventure|Drama|Thriller,2012,3.138888889,1,1,0,0,0,0,0,1,0,0,0,0,0,1
91542,1515091,Sherlock Holmes: A Game of Shadows (2011),Action|Adventure|Comedy|Crime|Mystery|Thriller,2011,3.763157895,1,1,0,0,1,1,0,0,0,0,1,0,0,1
91630,1229238,Mission: Impossible - Ghost Protocol (2011),Action|Adventure|Thriller,2011,3.659090909,1,1,0,0,0,0,0,0,0,0,0,0,0,1
91658,1568346,"Girl with the Dragon Tattoo, The (2011)",Drama|Thriller,2011,3.488095238,0,0,0,0,0,0,0,1,0,0,0,0,0,1
92259,1675434,Intouchables (2011),Comedy|Drama,2011,4.108108108,0,0,0,0,1,0,0,1,0,0,0,0,0,0
92535,2112999,Louis C.K.: Live at the Beacon Theater (2011),Comedy,2011,4.3,0,0,0,0,1,0,0,0,0,0,0,0,0,0
93326,1596350,This Means War (2012),Action|Comedy|Romance,2012,2.636363636,1,0,0,0,1,0,0,0,0,0,0,1,0,0
93363,401729,John Carter (2012),Action|Adventure|Sci-Fi,2012,3.090909091,1,1,0,0,0,0,0,0,0,0,0,0,1,0
93510,1232829,21 Jump Street (2012),Action|Comedy|Crime,2012,3.865384615,1,0,0,0,1,1,0,0,0,0,0,0,0,0
93840,1259521,"Cabin in the Woods, The (2012)",Comedy|Horror|Sci-Fi|Thriller,2012,4.022727273,0,0,0,0,1,0,0,0,0,1,0,0,1,1
94677,1645170,"Dictator, The (2012)",Comedy,2012,3.558823529,0,0,0,0,1,0,0,0,0,0,0,0,0,0
94777,1409024,Men in Black III (M.III.B.) (M.I.B.Â³) (2012),Action|Comedy|Sci-Fi,2012,3.277777778,1,0,0,0,1,0,0,0,0,0,0,0,1,0
94864,1446714,Prometheus (2012),Action|Horror|Sci-Fi,2012,3.296296296,1,0,0,0,0,0,0,0,0,1,0,0,1,0
94959,1748122,Moonrise Kingdom (2012),Comedy|Drama|Romance,2012,3.775862069,0,0,0,0,1,0,0,1,0,0,0,1,0,0
95167,1217209,Brave (2012),Action|Adventure|Animation|Children,2012,3.466666667,1,1,1,1,0,0,0,0,0,0,0,0,0,0
95441,1637725,Ted (2012),Comedy|Fantasy,2012,3.285714286,0,0,0,0,1,0,0,0,1,0,0,0,0,0
95510,948470,"Amazing Spider-Man, The (2012)",Action|Adventure|Sci-Fi,2012,3.25,1,1,0,0,0,0,0,0,0,0,0,0,1,0
96079,1074638,Skyfall (2012),Action|Adventure|Thriller,2012,3.81,1,1,0,0,0,0,0,0,0,0,0,0,0,1
96588,1981677,Pitch Perfect (2012),Comedy,2012,3.625,0,0,0,0,1,0,0,0,0,0,0,0,0,0
96610,1276104,Looper (2012),Action|Crime|Sci-Fi,2012,3.640625,1,0,0,0,0,1,0,0,0,0,0,0,1,0
96737,1343727,Dredd (2012),Action|Sci-Fi,2012,3.714285714,1,0,0,0,0,0,0,0,0,0,0,0,1,0
96821,1659337,"Perks of Being a Wallflower, The (2012)",Drama|Romance,2012,3.825,0,0,0,0,0,0,0,1,0,0,0,1,0,0
96829,2106476,"Hunt, The (Jagten) (2012)",Drama,2012,4.3,0,0,0,0,0,0,0,1,0,0,0,0,0,0
97225,837562,Hotel Transylvania (2012),Animation|Children|Comedy,2012,3.409090909,0,0,1,1,1,0,0,0,0,0,0,0,0,0
97304,1024648,Argo (2012),Drama|Thriller,2012,3.982142857,0,0,0,0,0,0,0,1,0,0,0,0,0,1
97306,1931533,Seven Psychopaths (2012),Comedy|Crime,2012,3.466666667,0,0,0,0,1,1,0,0,0,0,0,0,0,0
97752,1371111,Cloud Atlas (2012),Drama|Sci-Fi,2012,3.736842105,0,0,0,0,0,0,0,1,0,0,0,0,1,0
97913,1772341,Wreck-It Ralph (2012),Animation|Comedy,2012,3.75,0,0,1,0,1,0,0,0,0,0,0,0,0,0
97921,1045658,Silver Linings Playbook (2012),Comedy|Drama,2012,3.716666667,0,0,0,0,1,0,0,1,0,0,0,0,0,0
97938,454876,Life of Pi (2012),Adventure|Drama,2012,3.629032258,0,1,0,0,0,0,0,1,0,0,0,0,0,0
98243,1446192,Rise of the Guardians (2012),Adventure|Animation|Children|Fantasy,2012,3.791666667,0,1,1,1,0,0,0,0,1,0,0,0,0,0
98809,903624,"Hobbit: An Unexpected Journey, The (2012)",Adventure|Fantasy,2012,3.8125,0,1,0,0,0,0,0,0,1,0,0,0,0,0
98961,1790885,Zero Dark Thirty (2012),Action|Drama|Thriller,2012,4.107142857,1,0,0,0,0,0,0,1,0,0,0,0,0,1
99007,1588173,Warm Bodies (2013),Comedy|Horror|Romance,2013,3.5,0,0,0,0,1,0,0,0,0,1,0,1,0,0
99112,790724,Jack Reacher (2012),Action|Crime|Thriller,2012,3.416666667,1,0,0,0,0,1,0,0,0,0,0,0,0,1
99114,1853728,Django Unchained (2012),Action|Drama,2012,3.943661972,1,0,0,0,0,0,0,1,0,0,0,0,0,0
101864,1483013,Oblivion (2013),Action|Adventure|Sci-Fi,2013,3.3,1,1,0,0,0,0,0,0,0,0,0,0,1,0
102123,1245492,This Is the End (2013),Action|Comedy,2013,3.214285714,1,0,0,0,1,0,0,0,0,0,0,0,0,0
102125,1300854,Iron Man 3 (2013),Action|Sci-Fi|Thriller,2013,3.5625,1,0,0,0,0,0,0,0,0,0,0,0,1,1
102407,1343092,"Great Gatsby, The (2013)",Drama,2013,3.375,0,0,0,0,0,0,0,1,0,0,0,0,0,0
102445,1408101,Star Trek Into Darkness (2013),Action|Adventure|Sci-Fi,2013,3.685185185,1,1,0,0,0,0,0,0,0,0,0,0,1,0
102481,2234155,"Internship, The (2013)",Comedy,2013,3.55,0,0,0,0,1,0,0,0,0,0,0,0,0,0
102903,1670345,Now You See Me (2013),Crime|Mystery|Thriller,2013,3.409090909,0,0,0,0,0,1,0,0,0,0,1,0,0,1
103042,770828,Man of Steel (2013),Action|Adventure|Fantasy|Sci-Fi,2013,3.295454545,1,1,0,0,0,0,0,0,1,0,0,0,1,0
103141,1453405,Monsters University (2013),Adventure|Animation|Comedy,2013,3.875,0,1,1,0,1,0,0,0,0,0,0,0,0,0
103228,1663662,Pacific Rim (2013),Action|Adventure|Sci-Fi,2013,3.607142857,1,1,0,0,0,0,0,0,0,0,0,0,1,0
103249,816711,World War Z (2013),Action|Drama|Horror,2013,3.026315789,1,0,0,0,0,0,0,1,0,1,0,0,0,0
103253,1535108,Elysium (2013),Action|Drama|Sci-Fi,2013,3.3125,1,0,0,0,0,0,0,1,0,0,0,0,1,0
103335,1690953,Despicable Me 2 (2013),Animation|Children|Comedy,2013,3.578947368,0,0,1,1,1,0,0,0,0,0,0,0,0,0
103341,1213663,"World's End, The (2013)",Action|Comedy|Sci-Fi,2013,3.416666667,1,0,0,0,1,0,0,0,0,0,0,0,1,0
103772,1430132,"Wolverine, The (2013)",Action|Adventure|Fantasy|Sci-Fi,2013,3.375,1,1,0,0,0,0,0,0,1,0,0,0,1,0
104211,1723121,We're the Millers (2013),Comedy|Crime,2013,3.738095238,0,0,0,0,1,1,0,0,0,0,0,0,0,0
104241,1650554,Kick-Ass 2 (2013),Action|Comedy|Crime,2013,3.454545455,1,0,0,0,1,1,0,0,0,0,0,0,0,0
104374,2194499,About Time (2013),Drama|Fantasy|Romance,2013,3.933333333,0,0,0,0,0,0,0,1,1,0,0,1,0,0
104841,1454468,Gravity (2013),Action|Sci-Fi,2013,3.578125,1,0,0,0,0,0,0,0,0,0,0,0,1,0
104879,1392214,Prisoners (2013),Drama|Mystery|Thriller,2013,4.15625,0,0,0,0,0,0,0,1,0,0,1,0,0,1
104913,1979320,Rush (2013),Action|Drama,2013,3.818181818,1,0,0,0,0,0,0,1,0,0,0,0,0,0
105504,1535109,Captain Phillips (2013),Adventure|Drama|Thriller,2013,4.047619048,0,1,0,0,0,0,0,1,0,0,0,0,0,1
105844,2024544,12 Years a Slave (2013),Drama,2013,3.625,0,0,0,0,0,0,0,1,0,0,0,0,0,0
106002,1731141,Ender's Game (2013),Action|Adventure|Sci-Fi,2013,3.4375,1,1,0,0,0,0,0,0,0,0,0,0,1,0
106072,1981115,Thor: The Dark World (2013),Action|Adventure|Fantasy,2013,3.30952381,1,1,0,0,0,0,0,0,1,0,0,0,0,0
106100,790636,Dallas Buyers Club (2013),Drama,2013,3.970588235,0,0,0,0,0,0,0,1,0,0,0,0,0,0
106487,1951264,The Hunger Games: Catching Fire (2013),Action|Adventure|Sci-Fi,2013,3.634615385,1,1,0,0,0,0,0,0,0,0,0,0,1,0
106489,1170358,"Hobbit: The Desolation of Smaug, The (2013)",Adventure|Fantasy,2013,3.58,0,1,0,0,0,0,0,0,1,0,0,0,0,0
106696,2294629,Frozen (2013),Adventure|Animation|Comedy|Fantasy|Romance,2013,3.620689655,0,1,1,0,1,0,0,0,1,0,0,1,0,0
106782,993846,"Wolf of Wall Street, The (2013)",Comedy|Crime|Drama,2013,3.916666667,0,0,0,0,1,1,0,1,0,0,0,0,0,0
106916,1800241,American Hustle (2013),Crime|Drama,2013,3.25,0,0,0,0,0,1,0,1,0,0,0,0,0,0
106918,359950,"Secret Life of Walter Mitty, The (2013)",Adventure|Comedy|Drama,2013,4,0,1,0,0,1,0,0,1,0,0,0,0,0,0
106920,1798709,Her (2013),Drama|Romance|Sci-Fi,2013,3.92,0,0,0,0,0,0,0,1,0,0,0,1,1,0
107348,1229340,Anchorman 2: The Legend Continues (2013),Comedy,2013,3.363636364,0,0,0,0,1,0,0,0,0,0,0,0,0,0
107406,1706620,Snowpiercer (2013),Action|Drama|Sci-Fi,2013,3.428571429,1,0,0,0,0,0,0,1,0,0,0,0,1,0
108190,1840309,Divergent (2014),Adventure|Romance|Sci-Fi,2014,3,0,1,0,0,0,0,0,0,0,0,0,1,1,0
108932,1490017,The Lego Movie (2014),Action|Adventure|Animation|Children|Comedy|Fantasy,2014,3.870967742,1,1,1,1,1,0,0,0,1,0,0,0,0,0
109374,2278388,"Grand Budapest Hotel, The (2014)",Comedy|Drama,2014,3.778846154,0,0,0,0,1,0,0,1,0,0,0,0,0,0
109487,816692,Interstellar (2014),Sci-Fi,2014,3.993150685,0,0,0,0,0,0,0,0,0,0,0,0,1,0
110102,1843866,Captain America: The Winter Soldier (2014),Action|Adventure|Sci-Fi,2014,3.741935484,1,1,0,0,0,0,0,0,0,0,0,0,1,0
110553,1872181,The Amazing Spider-Man 2 (2014),Action|Sci-Fi,2014,2.636363636,1,0,0,0,0,0,0,0,0,0,0,0,1,0
111113,2004420,Neighbors (2014),Comedy,2014,3.291666667,0,0,0,0,1,0,0,0,0,0,0,0,0,0
111360,2872732,Lucy (2014),Action|Sci-Fi,2014,2.821428571,1,0,0,0,0,0,0,0,0,0,0,0,1,0
111362,1877832,X-Men: Days of Future Past (2014),Action|Adventure|Sci-Fi,2014,3.833333333,1,1,0,0,0,0,0,0,0,0,0,0,1,0
111364,831387,Godzilla (2014),Action|Adventure|Sci-Fi,2014,2.615384615,1,1,0,0,0,0,0,0,0,0,0,0,1,0
111659,1587310,Maleficent (2014),Action|Adventure|Children,2014,2.75,1,1,0,1,0,0,0,0,0,0,0,0,0,0
111743,2557490,A Million Ways to Die in the West (2014),Comedy,2014,2.958333333,0,0,0,0,1,0,0,0,0,0,0,0,0,0
111759,1631867,Edge of Tomorrow (2014),Action|Sci-Fi,2014,3.977272727,1,0,0,0,0,0,0,0,0,0,0,0,1,0
111781,2381249,Mission: Impossible - Rogue Nation (2015),Action|Adventure|Thriller,2015,3.647058824,1,1,0,0,0,0,0,0,0,0,0,0,0,1
112138,2294449,22 Jump Street (2014),Action|Comedy|Crime,2014,3.684210526,1,0,0,0,1,1,0,0,0,0,0,0,0,0
112175,1646971,How to Train Your Dragon 2 (2014),Action|Adventure|Animation,2014,3.766666667,1,1,1,0,0,0,0,0,0,0,0,0,0,0
112183,2562232,Birdman: Or (The Unexpected Virtue of Ignorance) (2014),Comedy|Drama,2014,3.346153846,0,0,0,0,1,0,0,1,0,0,0,0,0,0
112290,1065073,Boyhood (2014),Drama,2014,3.823529412,0,0,0,0,0,0,0,1,0,0,0,0,0,0
112552,2582802,Whiplash (2014),Drama,2014,4.039473684,0,0,0,0,0,0,0,1,0,0,0,0,0,0
112556,2267998,Gone Girl (2014),Drama|Thriller,2014,3.716216216,0,0,0,0,0,0,0,1,0,0,0,0,0,1
112623,2103281,Dawn of the Planet of the Apes (2014),Sci-Fi,2014,3.433333333,0,0,0,0,0,0,0,0,0,0,0,0,1,0
112852,2015381,Guardians of the Galaxy (2014),Action|Adventure|Sci-Fi,2014,4.050847458,1,1,0,0,0,0,0,0,0,0,0,0,1,0
114180,1790864,"Maze Runner, The (2014)",Action|Mystery|Sci-Fi,2014,2.9375,1,0,0,0,0,0,0,0,0,0,1,0,1,0
114662,2179136,American Sniper (2014),Action,2014,3.8,1,0,0,0,0,0,0,0,0,0,0,0,0,0
114935,2397535,Predestination (2014),Action|Mystery|Sci-Fi|Thriller,2014,3.9,1,0,0,0,0,0,0,0,0,0,1,0,1,1
115149,2911666,John Wick (2014),Action|Thriller,2014,3.844827586,1,0,0,0,0,0,0,0,0,0,0,0,0,1
115210,2713180,Fury (2014),Action|Drama,2014,3.769230769,1,0,0,0,0,0,0,1,0,0,0,0,0,0
115569,2872718,Nightcrawler (2014),Crime|Drama|Thriller,2014,4.166666667,0,0,0,0,0,1,0,1,0,0,0,0,0,1
115617,2245084,Big Hero 6 (2014),Action|Animation|Comedy,2014,3.853658537,1,0,1,0,1,0,0,0,0,0,0,0,0,0
115713,470752,Ex Machina (2015),Drama|Sci-Fi|Thriller,2015,3.910714286,0,0,0,0,0,0,0,1,0,0,0,0,1,1
116797,2084970,The Imitation Game (2014),Drama|Thriller,2014,4.02,0,0,0,0,0,0,0,1,0,0,0,0,0,1
116823,1951265,The Hunger Games: Mockingjay - Part 1 (2014),Adventure|Sci-Fi|Thriller,2014,3.869565217,0,1,0,0,0,0,0,0,0,0,0,0,1,1
116897,3011894,Wild Tales (2014),Comedy|Drama|Thriller,2014,4.25,0,0,0,0,1,0,0,1,0,0,0,0,0,1
117176,2980516,The Theory of Everything (2014),Drama|Romance,2014,3.705882353,0,0,0,0,0,0,0,1,0,0,0,1,0,0
117529,369610,Jurassic World (2015),Action|Adventure|Drama|Sci-Fi|Thriller,2015,3.260869565,1,1,0,0,0,0,0,1,0,0,0,0,1,1
117590,2170439,Horrible Bosses 2 (2014),Comedy|Crime,2014,3.636363636,0,0,0,0,1,1,0,0,0,0,0,0,0,0
118696,2310332,The Hobbit: The Battle of the Five Armies (2014),Adventure|Fantasy,2014,3.416666667,0,1,0,0,0,0,0,0,1,0,0,0,0,0
119141,2788710,The Interview (2014),Action|Comedy,2014,3.458333333,1,0,0,0,1,0,0,0,0,0,0,0,0,0
119145,2802144,Kingsman: The Secret Service (2015),Action|Adventure|Comedy|Crime,2015,3.986111111,1,1,0,0,1,1,0,0,0,0,0,0,0,0
120466,1823672,Chappie (2015),Action|Thriller,2015,3.25,1,0,0,0,0,0,0,0,0,0,0,0,0,1
122882,1392190,Mad Max: Fury Road (2015),Action|Adventure|Sci-Fi|Thriller,2015,3.819148936,1,1,0,0,0,0,0,0,0,0,0,0,1,1
122886,2488496,Star Wars: Episode VII - The Force Awakens (2015),Action|Adventure|Fantasy|Sci-Fi,2015,3.853658537,1,1,0,0,0,0,0,0,1,0,0,0,1,0
122892,2395427,Avengers: Age of Ultron (2015),Action|Adventure|Sci-Fi,2015,3.518518519,1,1,0,0,0,0,0,0,0,0,0,0,1,0
122900,478970,Ant-Man (2015),Action|Adventure|Sci-Fi,2015,3.722222222,1,1,0,0,0,0,0,0,0,0,0,0,1,0
122904,1431045,Deadpool (2016),Action|Adventure|Comedy|Sci-Fi,2016,3.833333333,1,1,0,0,1,0,0,0,0,0,0,0,1,0
122906,1825683,Black Panther (2017),Action|Adventure|Sci-Fi,2017,3.727272727,1,1,0,0,0,0,0,0,0,0,0,0,1,0
122912,4154756,Avengers: Infinity War - Part I (2018),Action|Adventure|Sci-Fi,2018,4,1,1,0,0,0,0,0,0,0,0,0,0,1,0
122916,3501632,Thor: Ragnarok (2017),Action|Adventure|Sci-Fi,2017,4.025,1,1,0,0,0,0,0,0,0,0,0,0,1,0
122918,3896198,Guardians of the Galaxy 2 (2017),Action|Adventure|Sci-Fi,2017,3.925925926,1,1,0,0,0,0,0,0,0,0,0,0,1,0
122920,3498820,Captain America: Civil War (2016),Action|Sci-Fi|Thriller,2016,3.613636364,1,0,0,0,0,0,0,0,0,0,0,0,1,1
122922,1211837,Doctor Strange (2016),Action|Adventure|Sci-Fi,2016,3.704545455,1,1,0,0,0,0,0,0,0,0,0,0,1,0
122924,3385516,X-Men: Apocalypse (2016),Action|Adventure|Fantasy|Sci-Fi,2016,3.071428571,1,1,0,0,0,0,0,0,1,0,0,0,1,0
122926,2250912,Untitled Spider-Man Reboot (2017),Action|Adventure|Fantasy,2017,4.15625,1,1,0,0,0,0,0,0,1,0,0,0,0,0
129354,2381941,Focus (2015),Comedy|Crime|Drama|Romance,2015,3.25,0,0,0,0,1,1,0,1,0,0,0,1,0,0
134130,3659388,The Martian (2015),Adventure|Drama|Sci-Fi,2015,4,0,1,0,0,0,0,0,1,0,0,0,0,1,0
134368,3079380,Spy (2015),Action|Comedy|Crime,2015,3.6875,1,0,0,0,1,1,0,0,0,0,0,0,0,0
134393,3152624,Trainwreck (2015),Comedy|Romance,2015,3.2,0,0,0,0,1,0,0,0,0,0,0,1,0,0
134853,2096673,Inside Out (2015),Adventure|Animation|Children|Comedy|Drama|Fantasy,2015,3.813953488,0,1,1,1,1,0,0,1,1,0,0,0,0,0
135133,1951266,The Hunger Games: Mockingjay - Part 2 (2015),Adventure|Sci-Fi,2015,3.7,0,1,0,0,0,0,0,0,0,0,0,0,1,0
135143,3183660,Fantastic Beasts and Where to Find Them (2016),Fantasy,2016,3.678571429,0,0,0,0,0,0,0,0,1,0,0,0,0,0
135536,1386697,Suicide Squad (2016),Action|Crime|Sci-Fi,2016,2.916666667,1,0,0,0,0,1,0,0,0,0,0,0,1,0
135569,2660888,Star Trek Beyond (2016),Action|Adventure|Sci-Fi,2016,3.466666667,1,1,0,0,0,0,0,0,0,0,0,0,1,0
135887,2293640,Minions (2015),Adventure|Animation|Children|Comedy,2015,3.166666667,0,1,1,1,1,0,0,0,0,0,0,0,0,0
136020,2379713,Spectre (2015),Action|Adventure|Crime,2015,3.058823529,1,1,0,0,0,1,0,0,0,0,0,0,0,0
136864,2975590,Batman v Superman: Dawn of Justice (2016),Action|Adventure|Fantasy|Sci-Fi,2016,2.34375,1,1,0,0,0,0,0,0,1,0,0,0,1,0
137857,3040964,The Jungle Book (2016),Adventure|Drama|Fantasy,2016,3.636363636,0,1,0,0,0,0,0,1,1,0,0,0,0,0
138036,1638355,The Man from U.N.C.L.E. (2015),Action|Adventure|Comedy,2015,3.472222222,1,1,0,0,1,0,0,0,0,0,0,0,0,0
139385,1663202,The Revenant (2015),Adventure|Drama,2015,3.903225806,0,1,0,0,0,0,0,1,0,0,0,0,0,0
139644,3397884,Sicario (2015),Crime|Drama|Mystery,2015,3.545454545,0,0,0,0,0,1,0,1,0,0,1,0,0,0
140110,2361509,The Intern (2015),Comedy,2015,3.653846154,0,0,0,0,1,0,0,0,0,0,0,0,0,0
142488,1895587,Spotlight (2015),Thriller,2015,4.157894737,0,0,0,0,0,0,0,0,0,0,0,0,0,1
143355,451279,Wonder Woman (2017),Action|Adventure|Fantasy,2017,3.307692308,1,1,0,0,0,0,0,0,1,0,0,0,0,0
148626,1596363,"Big Short, The (2015)",Drama,2015,3.961538462,0,0,0,0,0,0,0,1,0,0,0,0,0,0
150548,3845232,Sherlock: The Abominable Bride (2016),Action|Crime|Drama|Mystery|Thriller,2016,3.85,1,0,0,0,0,1,0,1,0,0,1,0,0,1
152077,1179933,10 Cloverfield Lane (2016),Thriller,2016,3.678571429,0,0,0,0,0,0,0,0,0,0,0,0,0,1
152081,2948356,Zootopia (2016),Action|Adventure|Animation|Children|Comedy,2016,3.890625,1,1,1,1,1,0,0,0,0,0,0,0,0,0
157296,2277860,Finding Dory (2016),Adventure|Animation|Comedy,2016,3.576923077,0,1,1,0,1,0,0,0,0,0,0,0,0,0
158238,3799694,The Nice Guys (2016),Crime|Mystery|Thriller,2016,3.833333333,0,0,0,0,0,1,0,0,0,0,1,0,0,1
159093,3110958,Now You See Me 2 (2016),Action|Comedy|Thriller,2016,3.636363636,1,0,0,0,1,0,0,0,0,0,0,0,0,1
164179,2543164,Arrival (2016),Sci-Fi,2016,3.980769231,0,0,0,0,0,0,0,0,0,0,0,0,1,0
166461,3521164,Moana (2016),Adventure|Animation|Children|Comedy|Fantasy,2016,3.45,0,1,1,1,1,0,0,0,1,0,0,0,0,0
166528,3748528,Rogue One: A Star Wars Story (2016),Action|Adventure|Fantasy|Sci-Fi,2016,3.925925926,1,1,0,0,0,0,0,0,1,0,0,0,1,0
166643,4846340,Hidden Figures (2016),Drama,2016,3.8,0,0,0,0,0,0,0,1,0,0,0,0,0,0
168250,5052448,Get Out (2017),Horror,2017,3.633333333,0,0,0,0,0,0,0,0,0,1,0,0,0,0
168252,3315342,Logan (2017),Action|Sci-Fi,2017,4.28,1,0,0,0,0,0,0,0,0,0,0,0,1,0
174055,5013056,Dunkirk (2017),Action|Drama|Thriller,2017,3.423076923,1,0,0,0,0,0,0,1,0,0,0,0,0,1
176371,1856101,Blade Runner 2049 (2017),Sci-Fi,2017,3.805555556,0,0,0,0,0,0,0,0,0,0,0,0,1,0
177765,2380307,Coco (2017),Adventure|Animation|Children,2017,3.538461538,0,1,1,1,0,0,0,0,0,0,0,0,0,0
179819,2527336,Star Wars: The Last Jedi (2017),Action|Adventure|Fantasy|Sci-Fi,2017,3.125,1,1,0,0,0,0,0,0,1,0,0,0,1,0
187593,5463162,Deadpool 2 (2018),Action|Comedy|Sci-Fi,2018,3.875,1,0,0,0,1,0,0,0,0,0,0,0,1,0
